,movie,year,pg_rating,imdb_id,runtime,genre,metascore,imdb_rating,votes,gross_us
0,Star Wars: Episode VII - The Force Awakens,2015,PG-13,2488496,138,"Action, Adventure, Sci-Fi",80.0,7.9,850578,936.66
1,Avengers: Endgame,2019,PG-13,4154796,181,"Action, Adventure, Drama",78.0,8.4,778195,858.37
2,Avatar,2009,PG-13,499549,162,"Action, Adventure, Fantasy",83.0,7.8,1108193,760.51
3,Avengers: Infinity War,2018,PG-13,4154756,149,"Action, Adventure, Sci-Fi",68.0,8.4,811508,678.82
4,Titanic,1997,PG-13,120338,194,"Drama, Romance",75.0,7.8,1031584,659.33
5,The Avengers,2012,PG-13,848228,143,"Action, Adventure, Sci-Fi",69.0,8.0,1248818,623.28
6,Incredibles 2,2018,PG,3606756,118,"Animation, Action, Adventure",80.0,7.6,243394,608.58
7,The Dark Knight,2008,PG-13,468569,152,"Action, Crime, Drama",84.0,9.0,2267951,534.86
8,Rogue One: A Star Wars Story,2016,PG-13,3748528,133,"Action, Adventure, Sci-Fi",65.0,7.8,544363,532.18
9,The Dark Knight Rises,2012,PG-13,1345836,164,"Action, Adventure",78.0,8.4,1495610,448.14
10,E.T. the Extra-Terrestrial,1982,PG,83866,115,"Family, Sci-Fi",91.0,7.8,366809,435.11
11,Toy Story 4,2019,G,1979376,100,"Animation, Adventure, Comedy",84.0,7.8,194659,434.04
12,The Lion King,1994,G,110357,88,"Animation, Adventure, Drama",88.0,8.5,927119,422.78
13,Toy Story 3,2010,G,435761,103,"Animation, Adventure, Comedy",92.0,8.3,746762,415.00
14,Captain America: Civil War,2016,PG-13,3498820,147,"Action, Adventure, Sci-Fi",75.0,7.8,651901,408.08
15,Jurassic Park,1993,PG-13,107290,127,"Action, Adventure, Sci-Fi",68.0,8.1,855027,402.45
16,Guardians of the Galaxy Vol. 2,2017,PG-13,3896198,136,"Action, Adventure, Comedy",67.0,7.6,558039,389.81
17,Harry Potter and the Deathly Hallows: Part 2,2011,PG-13,1201607,130,"Adventure, Drama, Fantasy",85.0,8.1,751530,381.01
18,Finding Nemo,2003,G,266543,100,"Animation, Adventure, Comedy",90.0,8.1,936586,380.84
19,The Lord of the Rings: The Return of the King,2003,PG-13,167260,201,"Action, Adventure, Drama",94.0,8.9,1619083,377.85
20,Deadpool,2016,R,1431045,108,"Action, Adventure, Comedy",65.0,8.0,889854,363.07
21,Inside Out,2015,PG,2096673,95,"Animation, Adventure, Comedy",94.0,8.1,600760,356.46
22,The Lord of the Rings: The Two Towers,2002,PG-13,167261,179,"Action, Adventure, Drama",87.0,8.7,1463500,342.55
23,Zootopia,2016,PG,2948356,108,"Animation, Adventure, Comedy",78.0,8.0,426153,341.27
24,Joker,2019,R,7286456,122,"Crime, Drama, Thriller",59.0,8.5,892754,335.45
25,Guardians of the Galaxy,2014,PG-13,2015381,121,"Action, Adventure, Comedy",76.0,8.0,1031131,333.18
26,Forrest Gump,1994,PG-13,109830,142,"Drama, Romance",82.0,8.8,1776071,330.25
27,Deadpool 2,2018,R,5463162,119,"Action, Adventure, Comedy",66.0,7.7,467823,324.59
28,Star Wars: Episode IV - A New Hope,1977,PG,76759,121,"Action, Adventure, Fantasy",90.0,8.6,1214246,322.74
29,Iron Man,2008,PG-13,371746,126,"Action, Adventure, Sci-Fi",79.0,7.9,927902,318.41
30,Harry Potter and the Sorcerer's Stone,2001,PG,241527,152,"Adventure, Family, Fantasy",64.0,7.6,640146,317.58
31,The Lord of the Rings: The Fellowship of the Ring,2001,PG-13,120737,178,"Action, Adventure, Drama",92.0,8.8,1634918,315.54
32,Thor: Ragnarok,2017,PG-13,3501632,130,"Action, Adventure, Comedy",74.0,7.9,573712,315.06
33,Star Wars: Episode VI - Return of the Jedi,1983,PG,86190,131,"Action, Adventure, Fantasy",58.0,8.3,936402,309.13
34,Pirates of the Caribbean: The Curse of the Black Pearl,2003,PG-13,325980,143,"Action, Adventure, Fantasy",63.0,8.0,1006792,305.41
35,Skyfall,2012,PG-13,1074638,143,"Action, Adventure, Thriller",81.0,7.7,624376,304.36
36,The Hobbit: An Unexpected Journey,2012,PG-13,903624,169,"Adventure, Fantasy",58.0,7.8,749940,303.00
37,Harry Potter and the Half-Blood Prince,2009,PG,417741,153,"Action, Adventure, Family",78.0,7.6,464689,301.96
38,Harry Potter and the Deathly Hallows: Part 1,2010,PG-13,926084,146,"Adventure, Family, Fantasy",65.0,7.7,469398,295.98
39,The Sixth Sense,1999,PG-13,167404,107,"Drama, Mystery, Thriller",64.0,8.1,901613,293.51
40,Up,2009,PG,1049413,96,"Animation, Adventure, Comedy",88.0,8.2,920907,293.00
41,Inception,2010,PG-13,1375666,148,"Action, Adventure, Sci-Fi",74.0,8.8,2030014,292.58
42,Star Wars: Episode V - The Empire Strikes Back,1980,PG,80684,124,"Action, Adventure, Fantasy",82.0,8.7,1142466,290.48
43,Harry Potter and the Goblet of Fire,2005,PG-13,330373,157,"Adventure, Family, Fantasy",81.0,7.7,537798,290.01
44,"Monsters, Inc.",2001,G,198781,92,"Animation, Adventure, Comedy",79.0,8.0,803318,289.92
45,Home Alone,1990,PG,99785,103,"Comedy, Family",63.0,7.6,456106,285.76
46,The Hangover,2009,R,1119646,100,Comedy,73.0,7.7,710544,277.32
47,Gravity,2013,PG-13,1454468,91,"Drama, Sci-Fi, Thriller",96.0,7.7,761095,274.09
48,Shrek,2001,PG,126029,90,"Animation, Adventure, Comedy",84.0,7.8,605664,267.67
49,The Incredibles,2004,PG,317705,115,"Animation, Action, Adventure",90.0,8.0,648383,261.44
50,Jaws,1975,PG,73195,124,"Adventure, Thriller",87.0,8.0,539147,260.00
51,Captain America: The Winter Soldier,2014,PG-13,1843866,136,"Action, Adventure, Sci-Fi",70.0,7.7,725701,259.77
52,The Hobbit: The Desolation of Smaug,2013,PG-13,1170358,161,"Adventure, Fantasy",66.0,7.8,594487,258.37
53,The Lego Movie,2014,PG,1490017,100,"Animation, Action, Adventure",83.0,7.7,321270,257.76
54,Star Trek,2009,PG-13,796366,127,"Action, Adventure, Sci-Fi",82.0,7.9,573927,257.73
55,The Blind Side,2009,PG-13,878804,129,"Biography, Drama, Sport",53.0,7.6,288735,255.96
56,Despicable Me,2010,PG,1323594,95,"Animation, Comedy, Crime",72.0,7.6,494905,251.51
57,Harry Potter and the Prisoner of Azkaban,2004,PG,304141,142,"Adventure, Family, Fantasy",82.0,7.9,541096,249.36
58,Moana,2016,PG,3521164,107,"Animation, Adventure, Comedy",81.0,7.6,265619,248.76
59,Raiders of the Lost Ark,1981,PG,82971,115,"Action, Adventure",85.0,8.4,873066,248.16
60,Toy Story 2,1999,G,120363,92,"Animation, Adventure, Comedy",88.0,7.9,519840,245.85
61,Ghostbusters,1984,PG,87332,105,"Action, Comedy, Fantasy",71.0,7.8,351097,238.63
62,X-Men: Days of Future Past,2014,PG-13,1877832,132,"Action, Adventure, Sci-Fi",75.0,7.9,654101,233.92
63,Cast Away,2000,PG-13,162222,143,"Adventure, Drama, Romance",73.0,7.8,515734,233.63
64,The Exorcist,1973,R,70047,122,Horror,81.0,8.0,358975,232.91
65,Star Trek Into Darkness,2013,PG-13,1408101,132,"Action, Adventure, Sci-Fi",72.0,7.7,460283,228.78
66,The Martian,2015,PG-13,3659388,144,"Adventure, Drama, Sci-Fi",80.0,8.0,748399,228.43
67,The Bourne Ultimatum,2007,PG-13,440963,115,"Action, Mystery, Thriller",85.0,8.0,600279,227.47
68,Logan,2017,R,3315342,137,"Action, Drama, Sci-Fi",77.0,8.1,635788,226.28
69,WALL·E,2008,G,910970,98,"Animation, Adventure, Family",95.0,8.4,984361,223.81
70,Big Hero 6,2014,PG,2245084,102,"Animation, Action, Adventure",74.0,7.8,404822,222.53
71,Mission: Impossible - Fallout,2018,PG-13,4912910,147,"Action, Adventure, Thriller",86.0,7.7,285348,220.16
72,Beauty and the Beast,1991,G,101414,84,"Animation, Family, Fantasy",95.0,8.0,413355,218.97
73,How to Train Your Dragon,2010,PG,892769,98,"Animation, Action, Adventure",75.0,8.1,657573,217.58
74,Aladdin,1992,G,103639,90,"Animation, Adventure, Comedy",86.0,8.0,369216,217.35
75,Saving Private Ryan,1998,R,120815,169,"Drama, War",91.0,8.6,1216733,216.54
76,Bohemian Rhapsody,2018,PG-13,1727824,134,"Biography, Drama, Music",49.0,8.0,439899,216.43
77,A Star Is Born,2018,R,1517451,136,"Drama, Music, Romance",88.0,7.6,325009,215.29
78,300,2006,R,416449,117,"Action, Drama",52.0,7.6,726402,210.61
79,Back to the Future,1985,PG,88763,116,"Adventure, Comedy, Sci-Fi",87.0,8.5,1040190,210.61
80,Coco,2017,PG,2380307,105,"Animation, Adventure, Family",81.0,8.4,363644,209.73
81,Sherlock Holmes,2009,PG-13,988045,128,"Action, Adventure, Mystery",57.0,7.6,577779,209.03
82,Dawn of the Planet of the Apes,2014,PG-13,2103281,130,"Action, Adventure, Drama",79.0,7.6,408648,208.55
83,Batman Begins,2005,PG-13,372784,140,"Action, Adventure",70.0,8.2,1290907,206.85
84,Ratatouille,2007,G,382932,111,"Animation, Adventure, Comedy",96.0,8.0,630987,206.45
85,Terminator 2: Judgment Day,1991,R,103064,137,"Action, Sci-Fi",75.0,8.5,983558,204.84
86,Tangled,2010,PG,398286,100,"Animation, Adventure, Comedy",71.0,7.7,399936,200.82
87,Gone with the Wind,1939,Passed,31381,238,"Drama, History, Romance",97.0,8.1,286367,198.68
88,Indiana Jones and the Last Crusade,1989,PG-13,97576,127,"Action, Adventure",65.0,8.2,683327,197.17
89,Toy Story,1995,G,114709,81,"Animation, Adventure, Comedy",95.0,8.3,873674,191.80
90,Spider-Man: Into the Spider-Verse,2018,PG,4633694,117,"Animation, Action, Adventure",87.0,8.4,350435,190.24
91,Wreck-It Ralph,2012,PG,1772341,101,"Animation, Adventure, Comedy",72.0,7.7,374827,189.42
92,Dunkirk,2017,PG-13,5013056,106,"Action, Drama, History",94.0,7.9,541523,188.37
93,Interstellar,2014,PG-13,816692,169,"Adventure, Drama, Sci-Fi",74.0,8.6,1475731,188.02
94,Gladiator,2000,R,172495,155,"Action, Adventure, Drama",67.0,8.5,1321231,187.71
95,Snow White and the Seven Dwarfs,1937,Approved,29583,83,"Animation, Family, Fantasy",95.0,7.6,179009,184.93
96,Dances with Wolves,1990,PG-13,99348,181,"Adventure, Drama, Western",72.0,8.0,237023,184.21
97,The Fugitive,1993,PG-13,106977,130,"Action, Crime, Drama",87.0,7.8,264192,183.88
98,The Revenant,2015,R,1663202,156,"Action, Adventure, Drama",76.0,8.0,692566,183.64
99,Ocean's Eleven,2001,PG-13,240772,116,"Crime, Thriller",74.0,7.7,508939,183.42
100,Indiana Jones and the Temple of Doom,1984,PG,87469,118,"Action, Adventure",57.0,7.6,442660,179.87
101,Rain Man,1988,R,95953,133,Drama,65.0,8.0,468137,178.80
102,How to Train Your Dragon 2,2014,PG,1646971,102,"Animation, Action, Adventure",76.0,7.8,301278,177.00
103,The Bourne Supremacy,2004,PG-13,372183,108,"Action, Mystery, Thriller",73.0,7.7,430155,176.24
104,Get Out,2017,R,5052448,104,"Horror, Mystery, Thriller",85.0,7.7,481538,176.04
105,Apollo 13,1995,PG,112384,140,"Adventure, Drama, History",77.0,7.6,264577,173.84
106,The Matrix,1999,R,133093,136,"Action, Sci-Fi",73.0,8.7,1649466,171.48
107,True Grit,2010,PG-13,1403865,110,"Drama, Western",80.0,7.6,307815,171.24
108,A Beautiful Mind,2001,PG-13,268978,135,"Biography, Drama",72.0,8.2,836129,170.74
109,The Help,2011,PG-13,1454029,146,Drama,62.0,8.0,423000,169.71
110,Hidden Figures,2016,PG,4846340,127,"Biography, Drama, History",74.0,7.8,196404,169.61
111,Gone Girl,2014,R,2267998,149,"Drama, Mystery, Thriller",79.0,8.1,843655,167.77
112,Casino Royale,2006,PG-13,381061,144,"Action, Adventure, Thriller",80.0,8.0,575272,167.45
113,Knives Out,2019,PG-13,8946378,130,"Comedy, Crime, Drama",82.0,7.9,413276,165.36
114,Catch Me If You Can,2002,PG-13,264464,141,"Biography, Crime, Drama",75.0,8.1,812333,164.62
115,The Pursuit of Happyness,2006,PG-13,454921,117,"Biography, Drama",64.0,8.0,441717,163.57
116,The Sound of Music,1965,G,59742,172,"Biography, Drama, Family",63.0,8.0,200307,163.21
117,Django Unchained,2012,R,1853728,165,"Drama, Western",81.0,8.4,1333694,162.81
118,Straight Outta Compton,2015,R,1398426,147,"Biography, Drama, History",72.0,7.8,177400,161.20
119,The Sting,1973,PG,70735,129,"Comedy, Crime, Drama",83.0,8.3,238488,159.60
120,1917,2019,R,8579674,119,"Drama, War",78.0,8.3,387826,159.23
121,Who Framed Roger Rabbit,1988,PG,96438,104,"Animation, Adventure, Comedy",83.0,7.7,179973,156.45
122,Mad Max: Fury Road,2015,R,1392190,120,"Action, Adventure, Sci-Fi",90.0,8.1,866499,154.06
123,La La Land,2016,PG-13,3783958,128,"Comedy, Drama, Music",94.0,8.0,494458,151.10
124,As Good as It Gets,1997,PG-13,119822,139,"Comedy, Drama, Romance",67.0,7.7,272005,148.48
125,Gran Torino,2008,R,1205489,116,Drama,72.0,8.1,712886,148.10
126,X: First Class,2011,PG-13,1270798,131,"Action, Adventure, Sci-Fi",65.0,7.7,640406,146.41
127,Taken,2008,PG-13,936501,90,"Action, Thriller",51.0,7.8,560762,145.00
128,Once Upon a Time... In Hollywood,2019,R,7131622,161,"Comedy, Drama",83.0,7.6,527162,142.50
129,The Jungle Book,1967,G,61852,78,"Animation, Adventure, Family",65.0,7.6,164033,141.84
130,A Few Good Men,1992,R,104257,138,"Drama, Thriller",62.0,7.7,232028,141.34
131,Slumdog Millionaire,2008,R,1010048,120,"Drama, Romance",84.0,8.0,790987,141.32
132,The King's Speech,2010,R,1504320,118,"Biography, Drama, History",88.0,8.0,632471,138.80
133,Platoon,1986,R,91763,120,"Drama, War",92.0,8.1,376484,138.53
134,Good Will Hunting,1997,R,119217,126,"Drama, Romance",70.0,8.3,847204,138.43
135,The Green Mile,1999,R,120689,189,"Crime, Drama, Fantasy",61.0,8.6,1126765,136.80
136,Argo,2012,R,1024648,120,"Biography, Drama, Thriller",86.0,7.7,566774,136.03
137,The Godfather,1972,R,68646,175,"Crime, Drama",100.0,9.2,1590465,134.97
138,Wonder,2017,PG,2543472,113,"Drama, Family",66.0,8.0,137284,132.42
139,The Departed,2006,R,407887,151,"Crime, Drama, Thriller",85.0,8.5,1171476,132.38
140,Silver Linings Playbook,2012,R,1045658,122,"Comedy, Drama, Romance",81.0,7.7,655004,132.09
141,Close Encounters of the Third Kind,1977,PG,75860,138,"Drama, Sci-Fi",90.0,7.6,182366,132.09
142,Minority Report,2002,PG-13,181689,145,"Action, Crime, Mystery",80.0,7.6,502780,132.07
143,The Silence of the Lambs,1991,R,102926,118,"Crime, Drama, Thriller",85.0,8.6,1249908,130.74
144,American Gangster,2007,R,765429,157,"Biography, Crime, Drama",76.0,7.8,386679,130.16
145,American Beauty,1999,R,169547,122,Drama,84.0,8.3,1057433,130.10
146,Kingsman: The Secret Service,2014,R,2802144,129,"Action, Adventure, Comedy",60.0,7.7,583972,128.26
147,"Crouching Tiger, Hidden Dragon",2000,PG-13,190332,120,"Action, Adventure, Fantasy",94.0,7.8,250921,128.08
148,Shutter Island,2010,R,1130884,138,"Mystery, Thriller",63.0,8.2,1109661,128.01
149,The Curious Case of Benjamin Button,2008,PG-13,421715,166,"Drama, Fantasy, Romance",70.0,7.8,580942,127.51
150,The Truman Show,1998,PG,120382,103,"Comedy, Drama, Sci-Fi",90.0,8.1,922423,125.62
151,Life of Pi,2012,PG,454876,127,"Adventure, Drama, Fantasy",79.0,7.9,574282,124.99
152,The Fault in Our Stars,2014,PG-13,2582846,126,"Drama, Romance",69.0,7.7,340019,124.87
153,Traffic,2000,R,181865,147,"Crime, Drama, Thriller",86.0,7.6,194230,124.12
154,The Hunt for Red October,1990,PG,99810,135,"Action, Adventure, Thriller",58.0,7.6,177719,122.01
155,The Bourne Identity,2002,PG-13,258463,119,"Action, Mystery, Thriller",68.0,7.9,502829,121.66
156,Mulan,1998,G,120762,88,"Animation, Adventure, Family",71.0,7.6,251802,120.62
157,Inglourious Basterds,2009,R,361748,153,"Adventure, Drama, War",69.0,8.3,1244541,120.54
158,Walk the Line,2005,PG-13,358273,136,"Biography, Drama, Music",72.0,7.8,231403,119.52
159,Blazing Saddles,1974,R,71230,93,"Comedy, Western",73.0,7.7,124590,119.50
160,On Golden Pond,1981,PG,82846,109,Drama,68.0,7.6,27277,119.29
161,Back to the Future Part II,1989,PG,96874,108,"Adventure, Comedy, Sci-Fi",57.0,7.8,474089,118.50
162,Ford v Ferrari,2019,PG-13,1950186,152,"Action, Biography, Drama",81.0,8.1,271323,117.62
163,Rocky,1976,PG,75148,120,"Drama, Sport",70.0,8.1,511129,117.24
164,The Wolf of Wall Street,2013,R,993846,180,"Biography, Crime, Drama",75.0,8.2,1157939,116.90
165,Remember the Titans,2000,PG,210945,113,"Biography, Drama, Sport",48.0,7.8,195831,115.65
166,District 9,2009,R,1136608,112,"Action, Sci-Fi, Thriller",81.0,7.9,633630,115.65
167,One Flew Over the Cuckoo's Nest,1975,R,73486,133,Drama,83.0,8.7,904785,112.00
168,Doctor Zhivago,1965,PG-13,59113,197,"Drama, Romance, War",69.0,8.0,68898,111.72
169,The Little Mermaid,1989,G,97757,83,"Animation, Family, Fantasy",88.0,7.6,234285,111.54
170,The Last Samurai,2003,R,325710,154,"Action, Drama",55.0,7.7,395551,111.11
171,Creed,2015,PG-13,3076658,133,"Drama, Sport",82.0,7.6,244118,109.77
172,Black Hawk Down,2001,R,265086,144,"Drama, History, War",74.0,7.7,360599,108.64
173,Little Women,2019,PG,3281548,135,"Drama, Romance",91.0,7.8,130707,108.10
174,Pulp Fiction,1994,R,110912,154,"Crime, Drama",94.0,8.9,1798865,107.93
175,Baby Driver,2017,R,3890160,113,"Action, Crime, Music",86.0,7.6,429395,107.83
176,Watchmen,2009,R,409459,162,"Action, Drama, Mystery",56.0,7.6,495738,107.51
177,Captain Phillips,2013,PG-13,1535109,134,"Adventure, Biography, Crime",82.0,7.8,415642,107.10
178,Black Swan,2010,R,947798,108,"Drama, Thriller",79.0,8.0,691226,106.95
179,Kramer vs. Kramer,1979,PG,79417,105,Drama,77.0,7.8,131334,106.26
180,The Graduate,1967,PG,61722,106,"Comedy, Drama, Romance",83.0,8.0,251433,104.95
181,Road to Perdition,2002,R,257044,117,"Crime, Drama, Thriller",72.0,7.7,243985,104.45
182,The Girl with the Dragon Tattoo,2011,R,1568346,158,"Crime, Drama, Mystery",71.0,7.8,415574,102.52
183,Butch Cassidy and the Sundance Kid,1969,PG,64115,110,"Biography, Crime, Drama",66.0,8.0,200244,102.31
184,Mary Poppins,1964,G,58331,139,"Comedy, Family, Fantasy",88.0,7.8,155699,102.27
185,Unforgiven,1992,R,105695,130,"Drama, Western",85.0,8.2,370965,101.16
186,Arrival,2016,PG-13,2543164,116,"Drama, Mystery, Sci-Fi",81.0,7.9,583164,100.55
187,Million Dollar Baby,2004,PG-13,405159,132,"Drama, Sport",86.0,8.1,628424,100.49
188,Edge of Tomorrow,2014,PG-13,1631867,113,"Action, Adventure, Sci-Fi",71.0,7.9,591641,100.21
189,Se7en,1995,R,114369,127,"Crime, Drama, Mystery",65.0,8.6,1419701,100.13
190,Die Hard with a Vengeance,1995,R,112864,128,"Action, Adventure, Thriller",58.0,7.6,359671,100.01
191,The Color Purple,1985,PG-13,88939,154,Drama,78.0,7.8,77286,98.47
192,The Social Network,2010,PG-13,1285016,120,"Biography, Drama",95.0,7.7,615489,96.96
193,Schindler's List,1993,R,108052,195,"Biography, Drama, History",94.0,8.9,1195709,96.90
194,The Others,2001,PG-13,230600,104,"Horror, Mystery, Thriller",74.0,7.6,333713,96.52
195,Dead Poets Society,1989,PG,97165,128,"Comedy, Drama",79.0,8.1,416594,95.86
196,The Ten Commandments,1956,G,49833,220,"Adventure, Drama",,7.9,62832,93.74
197,The Fighter,2010,R,964517,116,"Biography, Drama, Sport",79.0,7.8,336611,93.62
198,When Harry Met Sally...,1989,R,98635,95,"Comedy, Drama, Romance",76.0,7.6,192610,92.82
199,Blade Runner 2049,2017,R,1856101,164,"Action, Drama, Mystery",81.0,8.0,449733,92.05
200,The Imitation Game,2014,PG-13,2084970,114,"Biography, Drama, Thriller",73.0,8.0,674652,91.13
201,Mystic River,2003,R,327056,138,"Crime, Drama, Mystery",84.0,7.9,414583,90.14
202,Inside Man,2006,R,454848,129,"Crime, Drama, Mystery",76.0,7.6,334028,88.51
203,Young Frankenstein,1974,PG,72431,106,Comedy,80.0,8.0,141871,86.30
204,Aliens,1986,R,90605,137,"Action, Adventure, Sci-Fi",84.0,8.3,645311,85.16
205,Green Book,2018,PG-13,6966692,130,"Biography, Comedy, Drama",69.0,8.2,353732,85.08
206,Apocalypse Now,1979,R,78788,147,"Drama, Mystery, War",94.0,8.4,597642,83.47
207,Airplane!,1980,PG,80339,88,Comedy,78.0,7.7,211385,83.40
208,Brokeback Mountain,2005,R,388795,134,"Drama, Romance",87.0,7.7,319507,83.04
209,Die Hard,1988,R,95016,132,"Action, Thriller",72.0,8.2,774070,83.01
210,Fried Green Tomatoes,1991,PG-13,101921,130,Drama,64.0,7.7,66084,82.42
211,The Notebook,2004,PG-13,332280,123,"Drama, Romance",53.0,7.8,513127,81.00
212,Fiddler on the Roof,1971,G,67093,181,"Drama, Family, Musical",67.0,8.0,38779,80.50
213,Star Trek II: The Wrath of Khan,1982,PG,84726,113,"Action, Adventure, Sci-Fi",67.0,7.7,111577,78.91
214,Alien,1979,R,78748,117,"Horror, Sci-Fi",89.0,8.4,777267,78.90
215,The Naked Gun: From the Files of Police Squad!,1988,PG-13,95705,85,"Comedy, Crime",76.0,7.6,150354,78.76
216,Man on Fire,2004,R,328107,146,"Action, Crime, Drama",47.0,7.7,326030,77.91
217,Philadelphia,1993,PG-13,107818,125,Drama,66.0,7.7,221380,77.32
218,The Muppet Movie,1979,G,79588,95,"Adventure, Comedy, Family",74.0,7.6,32246,76.66
219,Training Day,2001,R,139654,122,"Crime, Drama, Thriller",69.0,7.7,384886,76.63
220,Fantasia,1940,G,32455,125,"Animation, Family, Fantasy",96.0,7.7,87515,76.41
221,The Untouchables,1987,R,94226,119,"Crime, Drama, Thriller",79.0,7.9,276705,76.27
222,Moneyball,2011,PG-13,1210166,133,"Biography, Drama, Sport",87.0,7.6,362161,75.61
223,Braveheart,1995,R,112573,178,"Biography, Drama, History",68.0,8.3,948691,75.60
224,Zombieland,2009,R,1156398,88,"Adventure, Comedy, Fantasy",73.0,7.6,514919,75.59
225,The Last of the Mohicans,1992,R,104691,112,"Action, Adventure, Drama",76.0,7.7,147022,75.51
226,Ray,2004,PG-13,350258,152,"Biography, Drama, Music",73.0,7.7,136988,75.33
227,Coraline,2009,PG,327597,100,"Animation, Drama, Family",80.0,7.7,194688,75.29
228,The Nightmare Before Christmas,1993,PG,107688,76,"Animation, Family, Fantasy",82.0,8.0,293236,75.08
229,Ben-Hur,1959,G,52618,212,"Adventure, Drama, History",90.0,8.1,216685,74.70
230,No Country for Old Men,2007,R,477348,122,"Crime, Drama, Thriller",91.0,8.1,841631,74.28
231,Sin City,2005,R,401792,124,"Crime, Thriller",74.0,8.0,735445,74.10
232,Bridge of Spies,2015,PG-13,3682448,142,"Drama, History, Thriller",81.0,7.6,283728,72.31
233,My Fair Lady,1964,G,58385,170,"Drama, Family, Musical",95.0,7.8,85436,72.00
234,The Bridges of Madison County,1995,PG-13,112579,135,"Drama, Romance",66.0,7.6,71992,71.52
235,Groundhog Day,1993,PG,107048,101,"Comedy, Fantasy, Romance",72.0,8.0,572776,70.91
236,All the President's Men,1976,PG,74119,138,"Biography, Drama, History",84.0,8.0,101046,70.60
237,V for Vendetta,2005,R,434409,132,"Action, Drama, Sci-Fi",62.0,8.2,1019599,70.51
238,JFK,1991,R,102138,189,"Drama, History, Thriller",72.0,8.0,140090,70.41
239,The Big Short,2015,R,1596363,130,"Biography, Comedy, Drama",81.0,7.8,354069,70.26
240,Ferris Bueller's Day Off,1986,PG-13,91042,103,Comedy,61.0,7.8,317613,70.14
241,Kill Bill: Vol. 1,2003,R,266697,111,"Action, Crime, Thriller",69.0,8.1,986837,70.10
242,Seven Pounds,2008,PG-13,814314,123,"Drama, Romance",36.0,7.6,284087,69.95
243,Heat,1995,R,113277,170,"Crime, Drama, Thriller",76.0,8.2,568188,67.44
244,Hacksaw Ridge,2016,R,2119532,139,"Biography, Drama, History",71.0,8.1,425393,67.21
245,The Godfather: Part III,1990,R,99674,162,"Crime, Drama",60.0,7.6,353531,66.67
246,Big Fish,2003,PG-13,319061,125,"Adventure, Drama, Fantasy",58.0,8.0,411455,66.26
247,Kill Bill: Vol. 2,2004,R,378194,137,"Action, Crime, Thriller",83.0,8.0,674869,66.21
248,Lethal Weapon,1987,R,93409,109,"Action, Crime, Thriller",68.0,7.6,233901,65.21
249,L.A. Confidential,1997,R,119488,138,"Crime, Drama, Mystery",90.0,8.2,525792,64.62
250,Scent of a Woman,1992,R,105323,156,Drama,59.0,8.0,257894,63.90
251,The Fifth Element,1997,PG-13,119116,126,"Action, Adventure, Sci-Fi",52.0,7.7,429113,63.54
252,Patton,1970,GP,66206,172,"Biography, Drama, War",91.0,7.9,93010,61.70
253,Cinderella Man,2005,PG-13,352248,144,"Biography, Drama, History",69.0,8.0,174489,61.65
254,The Goonies,1985,PG,89218,114,"Adventure, Comedy, Family",62.0,7.8,240869,61.50
255,Misery,1990,R,100157,107,"Drama, Thriller",75.0,7.8,181648,61.28
256,Prisoners,2013,R,1392214,153,"Crime, Drama, Mystery",70.0,8.1,589210,61.00
257,Little Miss Sunshine,2006,R,449059,101,"Comedy, Drama",80.0,7.8,435115,59.89
258,Predator,1987,R,93773,107,"Action, Adventure, Sci-Fi",45.0,7.8,367399,59.74
259,Love Actually,2003,R,314331,135,"Comedy, Drama, Romance",55.0,7.6,418402,59.70
260,The Grand Budapest Hotel,2014,R,2278388,99,"Adventure, Comedy, Crime",88.0,8.1,695122,59.10
261,The Butterfly Effect,2004,R,289879,113,"Drama, Sci-Fi, Thriller",30.0,7.6,447182,57.94
262,Life Is Beautiful,1997,PG-13,118799,116,"Comedy, Drama, Romance",59.0,8.6,613006,57.60
263,Boyz n the Hood,1991,R,101507,112,"Crime, Drama",76.0,7.8,123634,57.50
264,Blood Diamond,2006,R,450259,143,"Adventure, Drama, Thriller",64.0,8.0,493393,57.37
265,The Godfather: Part II,1974,R,71562,202,"Crime, Drama",90.0,9.0,1111227,57.30
266,The Blues Brothers,1980,R,80455,133,"Action, Adventure, Comedy",60.0,7.9,180576,57.23
267,12 Monkeys,1995,R,114746,129,"Mystery, Sci-Fi, Thriller",74.0,8.0,572280,57.14
268,2001: A Space Odyssey,1968,G,62622,149,"Adventure, Sci-Fi",84.0,8.3,594448,56.95
269,Midnight in Paris,2011,PG-13,1605783,94,"Comedy, Fantasy, Romance",81.0,7.7,383461,56.82
270,Guess Who's Coming to Dinner,1967,Not Rated,61735,108,"Comedy, Drama",63.0,7.8,38908,56.70
271,12 Years a Slave,2013,R,2024544,134,"Biography, Drama, History",96.0,8.1,630909,56.67
272,Tombstone,1993,R,108358,130,"Action, Biography, Drama",50.0,7.8,124536,56.51
273,Edward Scissorhands,1990,PG-13,99487,105,"Drama, Fantasy, Romance",74.0,7.9,441874,56.36
274,Primal Fear,1996,R,117381,129,"Crime, Drama, Mystery",47.0,7.7,185441,56.12
275,Saw,2004,R,387564,103,"Horror, Mystery",46.0,7.6,375407,56.00
276,Ordinary People,1980,R,81283,124,Drama,86.0,7.7,46292,54.80
277,Crash,2004,R,375679,112,"Crime, Drama, Thriller",66.0,7.7,416862,54.58
278,"Three Billboards Outside Ebbing, Missouri",2017,R,5027774,115,"Comedy, Crime, Drama",88.0,8.2,419468,54.51
279,The Count of Monte Cristo,2002,PG-13,245844,131,"Action, Adventure, Drama",61.0,7.8,127758,54.23
280,The Hateful Eight,2015,R,3460252,168,"Crime, Drama, Mystery",68.0,7.8,505717,54.12
281,The Verdict,1982,R,84855,129,Drama,77.0,7.7,35532,54.00
282,Tenet,2020,PG-13,6723592,150,"Action, Sci-Fi",69.0,7.8,143745,53.80
283,Ying xiong,2002,PG-13,299977,120,"Action, Adventure, History",85.0,7.9,172871,53.71
284,3:10 to Yuma,2007,R,381849,122,"Action, Crime, Drama",76.0,7.7,286036,53.61
285,Parasite,2019,R,6751668,132,"Comedy, Drama, Thriller",96.0,8.6,504816,53.37
286,Papillon,1973,R,70511,151,"Biography, Crime, Drama",58.0,8.0,120396,53.27
287,The Prestige,2006,PG-13,482571,130,"Drama, Mystery, Sci-Fi",66.0,8.5,1169386,53.09
288,Blow,2001,R,221027,124,"Biography, Crime, Drama",52.0,7.6,238260,52.99
289,My Cousin Vinny,1992,R,104952,120,"Comedy, Crime",68.0,7.6,105271,52.93
290,Gandhi,1982,PG,83987,191,"Biography, Drama, History",79.0,8.0,216231,52.77
291,The Royal Tenenbaums,2001,R,265666,110,"Comedy, Drama",76.0,7.6,263312,52.36
292,Stand by Me,1986,R,92005,89,"Adventure, Drama",75.0,8.1,358975,52.29
293,Awakenings,1990,PG-13,99077,121,"Biography, Drama",74.0,7.8,122441,52.10
294,"South Park: Bigger, Longer & Uncut",1999,R,158983,81,"Animation, Comedy, Fantasy",73.0,7.7,190881,52.04
295,Amadeus,1984,R,86879,160,"Biography, Drama, History",88.0,8.3,364447,51.97
296,Lion,2016,PG-13,3741834,118,"Biography, Drama",69.0,8.0,209697,51.74
297,Finding Neverland,2004,PG,308644,106,"Biography, Drama, Family",67.0,7.7,197166,51.68
298,Enemy at the Gates,2001,R,215750,131,"Drama, History, War",53.0,7.6,240583,51.40
299,Goldfinger,1964,PG,58150,110,"Action, Adventure, Thriller",87.0,7.7,170787,51.08
300,Atonement,2007,R,783233,123,"Drama, Mystery, Romance",85.0,7.8,247284,50.93
301,Apocalypto,2006,R,472043,139,"Action, Adventure, Drama",68.0,7.8,288223,50.87
302,The Hurricane,1999,R,174856,146,"Biography, Drama, Sport",74.0,7.6,90665,50.67
303,Dog Day Afternoon,1975,R,72890,125,"Biography, Crime, Drama",86.0,8.0,232811,50.00
304,"Planes, Trains and Automobiles",1987,R,93748,93,"Comedy, Drama",72.0,7.6,120530,49.53
305,Sleepers,1996,R,117665,147,"Crime, Drama, Thriller",49.0,7.6,184910,49.10
306,The Deer Hunter,1978,R,77416,183,"Drama, War",86.0,8.1,307297,48.98
307,The Game,1997,R,119174,129,"Action, Drama, Mystery",61.0,7.8,340078,48.32
308,Malcolm X,1992,PG-13,104797,202,"Biography, Drama, History",73.0,7.7,84372,48.17
309,Kick-Ass,2010,R,1250777,117,"Action, Comedy, Crime",66.0,7.6,520646,48.07
310,Kubo and the Two Strings,2016,PG,4302938,101,"Animation, Action, Adventure",84.0,7.8,116321,48.02
311,Manchester by the Sea,2016,R,4034228,137,Drama,96.0,7.8,242015,47.70
312,First Blood,1982,R,83944,93,"Action, Adventure",61.0,7.7,223478,47.21
313,Halloween,1978,R,77651,91,"Horror, Thriller",87.0,7.8,229923,47.00
314,Sicario,2015,R,3397884,121,"Action, Crime, Drama",82.0,7.6,365140,46.89
315,Goodfellas,1990,R,99685,146,"Biography, Crime, Drama",90.0,8.7,1003223,46.84
316,Full Metal Jacket,1987,R,93058,116,"Drama, War",76.0,8.3,665499,46.36
317,The Breakfast Club,1985,R,88847,97,"Comedy, Drama",66.0,7.8,352912,45.88
318,Manhattan,1979,R,79522,96,"Comedy, Drama, Romance",83.0,7.9,130145,45.70
319,Scarface,1983,R,86250,170,"Crime, Drama",65.0,8.3,729326,45.60
320,"O Brother, Where Art Thou?",2000,PG-13,190590,107,"Adventure, Comedy, Crime",69.0,7.7,281934,45.51
321,Moonrise Kingdom,2012,PG-13,1748122,94,"Comedy, Drama, Romance",84.0,7.8,314644,45.51
322,The Dirty Dozen,1967,Not Rated,61578,150,"Action, Adventure, War",73.0,7.7,66425,45.30
323,28 Days Later...,2002,R,289043,113,"Drama, Horror, Sci-Fi",73.0,7.6,372737,45.06
324,Spotlight,2015,R,1895587,129,"Biography, Crime, Drama",93.0,8.1,412231,45.06
325,The Bridge on the River Kwai,1957,PG,50212,161,"Adventure, Drama, War",87.0,8.1,200850,44.91
326,Lawrence of Arabia,1962,Approved,56172,228,"Adventure, Biography, Drama",100.0,8.3,264280,44.82
327,Midnight Cowboy,1969,R,64665,113,Drama,79.0,7.8,99657,44.79
328,The Artist,2011,PG-13,1655442,100,"Comedy, Drama, Romance",89.0,7.9,228716,44.67
329,Lost in Translation,2003,R,335266,102,"Comedy, Drama",89.0,7.7,408368,44.59
330,The Odd Couple,1968,G,63374,105,Comedy,86.0,7.7,31188,44.53
331,The Shining,1980,R,81505,146,"Drama, Horror",66.0,8.4,883352,44.02
332,The Last Emperor,1987,PG-13,93389,163,"Biography, Drama, History",76.0,7.7,92883,43.98
333,Sense and Sensibility,1995,PG,114388,136,"Drama, Romance",84.0,7.6,100770,43.18
334,Escape from Alcatraz,1979,PG,79116,112,"Action, Biography, Crime",76.0,7.6,119139,43.00
335,Cabaret,1972,PG,68327,124,"Drama, Music, Musical",80.0,7.8,47706,42.77
336,Casino,1995,R,112641,178,"Crime, Drama",73.0,8.2,458605,42.44
337,Birdman or (The Unexpected Virtue of Ignorance),2014,R,2562232,119,"Comedy, Drama",87.0,7.7,572046,42.34
338,Donnie Brasco,1997,R,119008,127,"Biography, Crime, Drama",76.0,7.7,275042,41.91
339,End of Watch,2012,R,1855199,109,"Action, Crime, Drama",68.0,7.6,225920,41.00
340,Falling Down,1993,R,106856,113,"Action, Crime, Drama",56.0,7.6,168242,40.90
341,The Fly,1986,R,91064,96,"Drama, Horror, Sci-Fi",79.0,7.6,157683,40.46
342,Paddington 2,2017,PG,4468740,103,"Adventure, Comedy, Family",88.0,7.8,59138,40.44
343,I Am Sam,2001,PG-13,277027,132,Drama,28.0,7.7,141838,40.31
344,There Will Be Blood,2007,R,469494,158,Drama,93.0,8.2,508817,40.22
345,Hannah and Her Sisters,1986,PG-13,91167,107,"Comedy, Drama",90.0,7.9,66368,40.08
346,The Illusionist,2006,PG-13,443543,110,"Drama, Fantasy, Mystery",68.0,7.6,352299,39.87
347,Annie Hall,1977,PG,75686,93,"Comedy, Romance",92.0,8.0,249766,39.20
348,The Longest Day,1962,G,56197,178,"Action, Drama, History",75.0,7.8,51725,39.10
349,Stardust,2007,PG-13,486655,127,"Adventure, Family, Fantasy",66.0,7.6,252181,38.63
350,Pride & Prejudice,2005,PG,414387,129,"Drama, Romance",82.0,7.8,252788,38.41
351,The Terminator,1984,R,88247,107,"Action, Sci-Fi",84.0,8.0,791718,38.40
352,All That Jazz,1979,R,78754,123,"Drama, Music, Musical",72.0,7.9,27676,37.82
353,Philomena,2013,PG-13,2431286,98,"Biography, Comedy, Drama",77.0,7.6,93383,37.71
354,Pan's Labyrinth,2006,R,457430,118,"Drama, Fantasy, War",98.0,8.2,611947,37.63
355,Fight Club,1999,R,137523,139,Drama,66.0,8.8,1826290,37.03
356,Carlito's Way,1993,R,106519,144,"Crime, Drama, Thriller",65.0,7.9,198440,36.95
357,Rear Window,1954,PG,47396,112,"Mystery, Thriller",100.0,8.4,437521,36.76
358,The Thin Red Line,1998,R,120863,170,"Drama, War",78.0,7.6,170676,36.40
359,Dirty Harry,1971,R,66999,102,"Action, Crime, Thriller",90.0,7.7,141706,35.90
360,The Theory of Everything,2014,PG-13,2980516,123,"Biography, Drama, Romance",72.0,7.7,397018,35.89
361,Shine,1996,PG-13,117631,105,"Biography, Drama, Music",87.0,7.7,50864,35.81
362,Changeling,2008,R,824747,141,"Biography, Crime, Drama",63.0,7.7,236445,35.74
363,Children of Men,2006,R,206634,109,"Adventure, Drama, Sci-Fi",84.0,7.9,460347,35.55
364,Drive,2011,R,780504,100,"Crime, Drama",78.0,7.8,563728,35.06
365,50/50,2011,R,1306980,100,"Comedy, Drama, Romance",72.0,7.6,313395,35.01
366,Midnight Express,1978,R,77928,121,"Biography, Crime, Drama",59.0,7.6,72816,35.00
367,The Killing Fields,1984,R,87553,141,"Biography, Drama, History",76.0,7.8,51001,34.70
368,Dangerous Liaisons,1988,R,94947,119,"Drama, Romance",74.0,7.6,63873,34.70
369,Mississippi Burning,1988,R,95647,128,"Crime, Drama, History",65.0,7.8,86890,34.60
370,Eternal Sunshine of the Spotless Mind,2004,R,338013,108,"Drama, Romance, Sci-Fi",89.0,8.3,899211,34.40
371,Wind River,2017,R,5362988,107,"Crime, Drama, Mystery",73.0,7.7,198321,33.80
372,Planet of the Apes,1968,G,63442,112,"Adventure, Sci-Fi",79.0,8.0,163914,33.40
373,Amélie,2001,R,211915,122,"Comedy, Romance",69.0,8.3,695743,33.23
374,Zodiac,2007,R,443706,157,"Crime, Drama, Mystery",78.0,7.7,453770,33.08
375,Blade Runner,1982,R,83658,117,"Action, Sci-Fi, Thriller",84.0,8.1,684622,32.87
376,The Pianist,2002,R,253474,150,"Biography, Drama, Music",85.0,8.5,716652,32.57
377,Almost Famous,2000,R,181875,122,"Adventure, Comedy, Drama",90.0,7.9,249771,32.53
378,October Sky,1999,PG,132477,108,"Biography, Drama, Family",71.0,7.8,81578,32.48
379,The Sandlot,1993,PG,108037,101,"Comedy, Drama, Family",55.0,7.8,78005,32.42
380,500 Days of Summer,2009,PG-13,1022603,95,"Comedy, Drama, Romance",76.0,7.7,467683,32.39
381,Nightcrawler,2014,R,2872718,117,"Crime, Drama, Thriller",76.0,7.9,455972,32.38
382,Robin Hood,1973,G,70608,83,"Animation, Adventure, Comedy",57.0,7.6,114006,32.06
383,Isle of Dogs,2018,PG-13,5104604,101,"Animation, Adventure, Comedy",82.0,7.9,135352,32.02
384,Psycho,1960,R,54215,109,"Horror, Mystery, Thriller",97.0,8.5,595246,32.00
385,The Outlaw Josey Wales,1976,PG,75029,135,Western,69.0,7.8,64736,31.80
386,Paper Moon,1973,PG,70510,102,"Comedy, Crime, Drama",77.0,8.1,41695,30.93
387,The Princess Bride,1987,PG,93779,98,"Adventure, Family, Fantasy",77.0,8.1,389152,30.86
388,From Here to Eternity,1953,Passed,45793,118,"Drama, Romance, War",85.0,7.6,42809,30.50
389,Snatch,2000,R,208092,102,"Comedy, Crime",55.0,8.3,772689,30.33
390,Being There,1979,PG,78841,130,"Comedy, Drama",83.0,8.0,64778,30.18
391,Spartacus,1960,PG-13,54331,197,"Adventure, Biography, Drama",87.0,7.9,122987,30.00
392,Serpico,1973,R,70666,130,"Biography, Crime, Drama",87.0,7.7,107996,29.80
393,Chinatown,1974,R,71315,130,"Drama, Mystery, Thriller",92.0,8.1,290026,29.20
394,The Last Picture Show,1971,R,67328,118,"Drama, Romance",93.0,8.0,41727,29.13
395,The Insider,1999,R,140352,157,"Biography, Drama, Thriller",84.0,7.8,158088,28.97
396,A Man for All Seasons,1966,G,60665,120,"Biography, Drama, History",72.0,7.7,30844,28.35
397,The Shawshank Redemption,1994,R,111161,142,Drama,80.0,9.3,2304470,28.34
398,Taxi Driver,1976,R,75314,114,"Crime, Drama",94.0,8.3,712127,28.26
399,Do the Right Thing,1989,R,97216,120,"Comedy, Drama",93.0,8.0,87647,27.55
400,Dallas Buyers Club,2013,R,790636,117,"Biography, Drama",80.0,8.0,434443,27.30
401,The Muppet Christmas Carol,1992,G,104940,85,"Comedy, Drama, Family",64.0,7.7,46685,27.28
402,Rush,2013,R,1979320,123,"Action, Biography, Drama",74.0,8.1,426982,26.95
403,Hell or High Water,2016,R,2582782,102,"Action, Crime, Drama",88.0,7.6,200709,26.86
404,Glory,1989,R,97441,122,"Biography, Drama, History",78.0,7.8,120693,26.83
405,Boogie Nights,1997,R,118749,155,Drama,85.0,7.9,236176,26.40
406,The Wrestler,2008,R,1125849,109,"Drama, Sport",80.0,7.9,287536,26.24
407,Searching,2018,PG-13,7668870,102,"Drama, Mystery, Thriller",71.0,7.6,136376,26.02
408,Her,2013,R,1798709,126,"Drama, Romance, Sci-Fi",90.0,8.0,530801,25.57
409,Memento,2000,R,209144,113,"Mystery, Thriller",80.0,8.4,1110388,25.54
410,Serenity,2005,PG-13,379786,119,"Action, Adventure, Sci-Fi",74.0,7.8,281264,25.51
411,Ex Machina,2014,R,470752,108,"Drama, Sci-Fi, Thriller",78.0,7.7,467244,25.44
412,Boyhood,2014,R,1065073,165,Drama,100.0,7.9,332703,25.38
413,In the Name of the Father,1993,R,107207,133,"Biography, Drama",84.0,8.1,154549,25.01
414,Enter the Dragon,1973,R,70034,102,"Action, Crime, Drama",83.0,7.7,95235,25.00
415,Some Like It Hot,1959,Passed,53291,121,"Comedy, Music, Romance",98.0,8.2,240517,25.00
416,Gifted,2017,PG-13,4481414,101,Drama,60.0,7.6,97447,24.80
417,Thank You for Smoking,2005,R,427944,92,"Comedy, Drama",71.0,7.6,211804,24.79
418,Fearless,2006,PG-13,446059,104,"Action, Biography, Drama",70.0,7.6,72394,24.63
419,Fargo,1996,R,116282,98,"Crime, Drama, Thriller",85.0,8.1,607690,24.61
420,Sling Blade,1996,R,117666,135,Drama,84.0,8.0,86161,24.48
421,In the Heat of the Night,1967,Not Rated,61811,110,"Crime, Drama, Mystery",75.0,7.9,66805,24.38
422,Lord of War,2005,R,399295,122,"Action, Crime, Drama",62.0,7.6,291618,24.15
423,The Best Years of Our Lives,1946,Approved,36868,170,"Drama, Romance, War",93.0,8.0,56704,23.65
424,Hot Fuzz,2007,R,425112,121,"Action, Comedy, Mystery",81.0,7.8,458203,23.64
425,Hotel Rwanda,2004,PG-13,395169,121,"Biography, Drama, History",79.0,8.1,331349,23.53
426,Raging Bull,1980,R,81398,129,"Biography, Drama, Sport",89.0,8.2,317263,23.38
427,The Usual Suspects,1995,R,114814,106,"Crime, Mystery, Thriller",77.0,8.5,978064,23.34
428,The Iron Giant,1999,PG,129167,86,"Animation, Action, Adventure",85.0,8.0,169855,23.16
429,Match Point,2005,R,416320,124,"Drama, Romance, Thriller",72.0,7.6,204281,23.09
430,The Remains of the Day,1993,PG,107943,134,"Drama, Romance",84.0,7.8,64834,22.95
431,Being John Malkovich,1999,R,120601,113,"Comedy, Drama, Fantasy",90.0,7.7,308798,22.86
432,Lucky Number Slevin,2006,R,425210,110,"Crime, Drama, Thriller",53.0,7.7,297917,22.49
433,The Warriors,1979,R,80120,92,"Action, Crime, Thriller",65.0,7.6,92675,22.49
434,Magnolia,1999,R,175880,188,Drama,77.0,8.0,286653,22.46
435,The Lion in Winter,1968,PG,63227,134,"Biography, Drama, History",,7.9,28651,22.28
436,Adaptation.,2002,R,268126,115,"Comedy, Drama",83.0,7.7,176320,22.25
437,Pink Floyd: The Wall,1982,R,84503,95,"Drama, Fantasy, Music",47.0,8.1,75329,22.24
438,Empire of the Sun,1987,PG,92965,153,"Action, Drama, History",62.0,7.7,114190,22.24
439,Billy Elliot,2000,R,249462,110,"Drama, Music",74.0,7.7,125118,22.00
440,Il Postino,1994,PG,110877,108,"Biography, Comedy, Drama",81.0,7.7,33166,21.85
441,The Right Stuff,1983,PG,86197,193,"Adventure, Biography, Drama",91.0,7.8,55525,21.50
442,Fantastic Mr. Fox,2009,PG,432283,87,"Animation, Adventure, Comedy",83.0,7.9,195364,21.00
443,A Christmas Story,1983,PG,85334,94,"Comedy, Family",77.0,7.9,128122,20.61
444,Gone Baby Gone,2007,R,452623,114,"Crime, Drama, Mystery",72.0,7.6,247468,20.30
445,Baahubali 2: The Conclusion,2017,Not Rated,4849438,167,"Action, Drama",,8.2,73583,20.19
446,Monty Python's Life of Brian,1979,R,79470,94,Comedy,77.0,8.1,362735,20.05
447,La Dolce Vita,1960,Not Rated,53779,174,"Comedy, Drama",95.0,8.0,65467,19.52
448,Léon: The Professional,1994,R,110413,110,"Action, Crime, Drama",64.0,8.5,1018888,19.50
449,The Secret World of Arrietty,2010,G,1568921,94,"Animation, Adventure, Family",80.0,7.6,79011,19.20
450,The Apartment,1960,Approved,53604,125,"Comedy, Drama, Romance",94.0,8.3,161267,18.60
451,Frost/Nixon,2008,R,870111,122,"Biography, Drama, History",80.0,7.7,102229,18.59
452,Into the Wild,2007,R,758758,148,"Adventure, Biography, Drama",73.0,8.1,565281,18.35
453,Only the Brave,2017,PG-13,3829920,134,"Action, Biography, Drama",72.0,7.6,56371,18.34
454,Crimes and Misdemeanors,1989,PG-13,97123,104,"Comedy, Drama",77.0,7.9,54026,18.25
455,Call Me by Your Name,2017,R,5726616,132,"Drama, Romance",93.0,7.9,204569,18.10
456,The Perks of Being a Wallflower,2012,PG-13,1659337,103,"Drama, Romance",67.0,8.0,455873,17.74
457,Nebraska,2013,R,1821549,115,"Adventure, Comedy, Drama",87.0,7.7,111340,17.65
458,The Last King of Scotland,2006,R,455590,123,"Biography, Drama, History",74.0,7.7,173789,17.61
459,Cat on a Hot Tin Roof,1958,Not Rated,51459,108,Drama,84.0,8.0,44399,17.57
460,Wait Until Dark,1967,Not Rated,62467,108,Thriller,81.0,7.8,27421,17.55
461,The Big Lebowski,1998,R,118715,117,"Comedy, Crime, Sport",71.0,8.1,722011,17.50
462,A Bronx Tale,1993,R,106489,121,"Crime, Drama, Romance",80.0,7.8,126329,17.27
463,Eastern Promises,2007,R,765443,100,"Action, Crime, Drama",82.0,7.6,225485,17.11
464,Kung Fu Hustle,2004,R,373074,99,"Action, Comedy, Fantasy",78.0,7.7,125862,17.11
465,Rushmore,1998,R,128445,93,"Comedy, Drama, Romance",86.0,7.7,167333,17.11
466,The Farewell,2019,PG,8637428,100,"Comedy, Drama",89.0,7.6,47320,16.88
467,The Motorcycle Diaries,2004,R,318462,126,"Adventure, Biography, Drama",75.0,7.8,95909,16.76
468,Trainspotting,1996,R,117951,93,Drama,83.0,8.1,627907,16.50
469,21 Grams,2003,R,315733,124,"Crime, Drama, Thriller",70.0,7.6,222573,16.29
470,Cool Hand Luke,1967,GP,61512,127,"Crime, Drama",92.0,8.1,159695,16.22
471,The Day of the Jackal,1973,PG,69947,143,"Crime, Drama, Thriller",80.0,7.8,36908,16.06
472,The French Connection,1971,R,67116,104,"Action, Crime, Drama",94.0,7.7,108536,15.63
473,In America,2002,PG-13,298845,105,Drama,76.0,7.7,40222,15.54
474,About Time,2013,R,2194499,123,"Comedy, Drama, Fantasy",55.0,7.8,294410,15.32
475,Ponyo,2008,G,876563,101,"Animation, Adventure, Comedy",86.0,7.7,122323,15.09
476,American Psycho,2000,R,144084,101,"Comedy, Crime, Drama",64.0,7.6,480832,15.07
477,For a Few Dollars More,1965,R,59578,132,Western,74.0,8.3,229153,15.00
478,My Left Foot,1989,R,97937,103,"Biography, Drama",97.0,7.9,66965,14.74
479,Room,2015,R,3170832,118,"Drama, Thriller",86.0,8.1,363298,14.68
480,A Fistful of Dollars,1964,R,58461,99,"Action, Drama, Western",65.0,8.0,195139,14.50
481,Dark City,1998,R,118929,100,"Mystery, Sci-Fi, Thriller",66.0,7.6,186370,14.38
482,The Thing,1982,R,84787,109,"Horror, Mystery, Sci-Fi",57.0,8.1,365802,13.78
483,A Hard Day's Night,1964,G,58182,87,"Comedy, Music, Musical",96.0,7.6,39840,13.78
484,Letters from Iwo Jima,2006,R,498380,141,"Action, Adventure, Drama",89.0,7.9,152929,13.76
485,Warrior,2011,PG-13,1291584,140,"Action, Drama, Sport",71.0,8.2,431065,13.66
486,Y Tu Mamá También,2001,R,245574,106,Drama,88.0,7.6,114580,13.62
487,Shaun of the Dead,2004,R,365748,99,"Comedy, Horror",76.0,7.9,506759,13.54
488,Charade,1963,Passed,56923,113,"Comedy, Mystery, Romance",83.0,7.9,67247,13.47
489,Secrets & Lies,1996,R,117589,136,"Comedy, Drama",91.0,8.0,36920,13.42
490,North by Northwest,1959,Approved,53125,136,"Adventure, Mystery, Thriller",98.0,8.3,295091,13.28
491,The Intouchables,2011,R,1675434,112,"Biography, Comedy, Drama",57.0,8.5,745228,13.18
492,The Peanut Butter Falcon,2019,PG-13,4364194,97,"Adventure, Comedy, Drama",70.0,7.6,59140,13.12
493,Whiplash,2014,R,2582802,106,"Drama, Music",88.0,8.5,701085,13.09
494,25th Hour,2002,R,307901,135,Drama,68.0,7.6,168653,13.06
495,Rio Bravo,1959,Passed,53221,141,"Action, Drama, Western",93.0,8.0,55447,12.54
496,The Road Warrior,1981,R,82694,96,"Action, Adventure, Sci-Fi",77.0,7.6,164745,12.47
497,Dangal,2016,Not Rated,5074352,161,"Action, Biography, Drama",,8.4,151378,12.39
498,Gattaca,1997,PG-13,119177,106,"Drama, Sci-Fi, Thriller",64.0,7.8,277898,12.34
499,True Romance,1993,R,108399,119,"Crime, Drama, Romance",59.0,7.9,204356,12.28
500,The Great Escape,1963,Approved,57115,172,"Adventure, Drama, History",86.0,8.2,221753,12.10
501,The Wild Bunch,1969,R,65214,135,"Action, Adventure, Western",97.0,7.9,76659,12.06
502,Cinema Paradiso,1988,R,95765,155,Drama,80.0,8.5,226261,11.99
503,Anatomy of a Murder,1959,Not Rated,52561,161,"Crime, Drama, Mystery",95.0,8.0,59041,11.90
504,Zelig,1983,PG,86637,79,Comedy,,7.7,39496,11.80
505,Das Boot,1981,R,82096,149,"Adventure, Drama, Thriller",86.0,8.3,228793,11.49
506,The Birds,1963,PG-13,56869,119,"Drama, Horror, Mystery",90.0,7.7,169389,11.40
507,The Lives of Others,2006,R,405094,137,"Drama, Mystery, Thriller",89.0,8.4,353467,11.29
508,The Red Shoes,1948,Not Rated,40725,135,"Drama, Music, Romance",,8.1,30362,10.90
509,Office Space,1999,R,151804,89,Comedy,68.0,7.7,239150,10.82
510,Glengarry Glen Ross,1992,R,104348,100,"Crime, Drama, Mystery",82.0,7.7,94678,10.73
511,Fear and Loathing in Las Vegas,1998,R,120669,118,"Adventure, Comedy, Drama",41.0,7.6,257090,10.68
512,The Purple Rose of Cairo,1985,PG,89853,82,"Comedy, Fantasy, Romance",75.0,7.7,46572,10.63
513,PK,2014,Not Rated,2338151,153,"Comedy, Drama, Musical",,8.1,159434,10.62
514,After Hours,1985,R,88680,97,"Comedy, Crime, Drama",90.0,7.7,57906,10.60
515,The Quiet Man,1952,Passed,45061,129,"Comedy, Drama, Romance",,7.7,34150,10.55
516,Notorious,1946,Not Rated,38787,102,"Drama, Film-Noir, Romance",100.0,7.9,91249,10.46
517,La Vie En Rose,2007,PG-13,450188,140,"Biography, Drama, Music",66.0,7.6,81935,10.30
518,The Secret of NIMH,1982,G,84649,82,"Animation, Adventure, Drama",76.0,7.6,35795,10.14
519,The Girl with the Dragon Tattoo,2009,R,1132620,152,"Crime, Drama, Mystery",76.0,7.8,207220,10.10
520,Spirited Away,2001,PG,245429,125,"Animation, Adventure, Family",96.0,8.6,636848,10.06
521,A Little Princess,1995,G,113670,97,"Drama, Family, Fantasy",83.0,7.7,31811,10.02
522,King Kong,1933,Passed,24216,100,"Adventure, Horror, Sci-Fi",90.0,7.9,78104,10.00
523,Brazil,1985,R,88846,132,"Drama, Sci-Fi",84.0,7.9,185781,9.93
524,On the Waterfront,1954,Approved,47296,108,"Crime, Drama, Thriller",91.0,8.1,140119,9.60
525,Mr. Smith Goes to Washington,1939,Passed,31679,129,"Comedy, Drama",73.0,8.1,105552,9.60
526,The Lost Weekend,1945,Passed,37884,101,"Drama, Film-Noir",,7.9,33104,9.46
527,High Noon,1952,PG,44706,85,"Drama, Thriller, Western",89.0,7.9,96208,9.45
528,Once,2007,R,907657,86,"Drama, Music, Romance",88.0,7.8,109802,9.44
529,The Visitor,2007,PG-13,857191,104,Drama,79.0,7.6,41332,9.42
530,Talk to Her,2002,R,287467,112,"Drama, Mystery, Romance",86.0,7.9,103619,9.28
531,What's Eating Gilbert Grape,1993,PG-13,108550,118,Drama,73.0,7.8,212051,9.17
532,The Boy in the Striped Pajamas,2008,PG-13,914798,94,"Drama, War",55.0,7.8,187773,9.03
533,Singin' in the Rain,1952,G,45152,103,"Comedy, Musical, Romance",99.0,8.3,215540,8.82
534,Blue Velvet,1986,R,90756,120,"Drama, Mystery, Thriller",76.0,7.7,178528,8.55
535,The Hustler,1961,Not Rated,54997,134,"Drama, Sport",90.0,8.0,74447,8.28
536,All About My Mother,1999,R,185125,101,Drama,87.0,7.8,88021,8.26
537,Bajrangi Bhaijaan,2015,Not Rated,3863552,163,"Action, Adventure, Comedy",,8.0,70827,8.18
538,Witness for the Prosecution,1957,Approved,51201,116,"Crime, Drama, Mystery",,8.4,106612,8.18
539,Before Midnight,2013,R,2209418,109,"Drama, Romance",94.0,7.9,138526,8.11
540,A Streetcar Named Desire,1951,PG,44081,122,Drama,97.0,8.0,98002,8.00
541,Dazed and Confused,1993,R,106677,102,Comedy,78.0,7.6,163171,7.99
542,In Bruges,2008,R,780536,107,"Comedy, Crime, Drama",67.0,7.9,386563,7.76
543,Strangers on a Train,1951,PG,44079,101,"Crime, Film-Noir, Thriller",88.0,7.9,122077,7.63
544,City of God,2002,R,317248,130,"Crime, Drama",79.0,8.6,691357,7.56
545,Run Lola Run,1998,R,130827,80,"Crime, Drama, Thriller",77.0,7.6,186978,7.27
546,Mulholland Dr.,2001,R,166924,147,"Drama, Mystery, Thriller",85.0,8.0,316706,7.22
547,The Name of the Rose,1986,R,91605,130,"Crime, Drama, Mystery",54.0,7.7,100700,7.15
548,A Separation,2011,PG-13,1832382,123,"Drama, Thriller",95.0,8.3,216433,7.10
549,Deliverance,1972,R,68473,109,"Adventure, Drama, Thriller",80.0,7.7,97714,7.06
550,The Triplets of Belleville,2003,PG-13,286244,80,"Animation, Comedy, Drama",91.0,7.8,50208,7.00
551,The Irishman,2019,R,1302006,209,"Biography, Crime, Drama",94.0,7.9,312390,7.00
552,Incendies,2010,R,1255953,131,"Drama, Mystery, War",80.0,8.3,145720,6.86
553,Me and Earl and the Dying Girl,2015,PG-13,2582496,105,"Comedy, Drama",74.0,7.7,121681,6.74
554,Amour,2012,PG-13,1602620,127,"Drama, Romance",94.0,7.9,91942,6.74
555,Baahubali: The Beginning,2015,Not Rated,2631186,159,"Action, Drama",,8.1,101217,6.74
556,Loving Vincent,2017,PG-13,3262342,94,"Animation, Biography, Crime",62.0,7.8,49467,6.74
557,American History X,1998,R,120586,119,Drama,62.0,8.5,1022675,6.72
558,The Big Sleep,1946,Not Rated,38355,114,"Crime, Film-Noir, Mystery",,7.9,78026,6.54
559,3 Idiots,2009,PG-13,1187043,170,"Comedy, Drama",67.0,8.4,337146,6.53
560,The Secret in Their Eyes,2009,R,1305806,129,"Drama, Mystery, Romance",80.0,8.2,190093,6.39
561,A Clockwork Orange,1971,R,66921,136,"Crime, Drama, Sci-Fi",77.0,8.3,747712,6.21
562,The Straight Story,1999,G,166896,112,"Biography, Drama",86.0,8.0,80785,6.20
563,A Very Long Engagement,2004,R,344510,133,"Drama, Mystery, Romance",76.0,7.6,70471,6.17
564,Barton Fink,1991,R,101410,116,"Comedy, Drama, Thriller",69.0,7.7,111885,6.15
565,Short Cuts,1993,R,108122,188,"Comedy, Drama",79.0,7.7,41896,6.11
566,"The Good, the Bad and the Ugly",1966,R,60196,178,Western,90.0,8.8,679128,6.10
567,The Diving Bell and the Butterfly,2007,PG-13,401383,112,"Biography, Drama",92.0,8.0,102513,5.99
568,Evil Dead II,1987,R,92991,84,"Action, Comedy, Fantasy",72.0,7.8,146730,5.92
569,The Florida Project,2017,R,5649144,111,Drama,92.0,7.6,92136,5.90
570,Ed Wood,1994,R,109707,127,"Biography, Comedy, Drama",70.0,7.8,163849,5.89
571,Captain Fantastic,2016,R,3553976,118,"Comedy, Drama",72.0,7.9,185157,5.88
572,Before Sunset,2004,R,381681,80,"Drama, Romance",90.0,8.1,231799,5.82
573,The Station Agent,2003,R,340377,89,"Comedy, Drama",81.0,7.6,66923,5.74
574,Double Indemnity,1944,Passed,36775,107,"Crime, Drama, Film-Noir",95.0,8.3,141388,5.72
575,Batman: Mask of the Phantasm,1993,PG,106364,76,"Animation, Action, Crime",,7.8,43043,5.62
576,Central Station,1998,R,140888,110,Drama,80.0,8.0,35848,5.60
577,Gully Boy,2019,Not Rated,2395469,153,"Drama, Music",65.0,8.1,30618,5.57
578,Before Sunrise,1995,R,112471,101,"Drama, Romance",77.0,8.1,266641,5.54
579,Downfall,2004,R,363163,156,"Biography, Drama, History",82.0,8.2,327508,5.51
580,The Gold Rush,1925,Passed,15864,95,"Adventure, Comedy, Drama",,8.2,99095,5.45
581,The Kid,1921,Passed,12349,68,"Comedy, Drama, Family",,8.3,111017,5.45
582,Amores Perros,2000,R,245712,154,"Drama, Thriller",83.0,8.1,221090,5.38
583,Once Upon a Time in America,1984,R,87843,229,"Crime, Drama",,8.4,306054,5.32
584,Once Upon a Time in the West,1968,PG-13,64116,165,Western,80.0,8.5,298673,5.32
585,The Wind Rises,2013,PG-13,2013293,126,"Animation, Biography, Drama",83.0,7.8,71624,5.21
586,Hunt for the Wilderpeople,2016,PG-13,4698684,101,"Adventure, Comedy, Drama",81.0,7.9,107486,5.20
587,The World's Fastest Indian,2005,PG-13,412080,127,"Biography, Drama, Sport",68.0,7.8,51552,5.13
588,Dawn of the Dead,1978,Unrated,77402,127,"Action, Adventure, Horror",71.0,7.9,110504,5.10
589,Miller's Crossing,1990,R,100150,115,"Crime, Drama, Thriller",66.0,7.7,124625,5.08
590,Your Name.,2016,PG,5311514,106,"Animation, Drama, Fantasy",79.0,8.4,185483,5.02
591,The Treasure of the Sierra Madre,1948,Passed,40897,126,"Adventure, Drama, Western",98.0,8.2,112710,5.01
592,Moon,2009,R,1182345,97,"Drama, Mystery, Sci-Fi",67.0,7.9,332023,5.01
593,Fanny and Alexander,1982,R,83922,188,Drama,100.0,8.1,56790,4.97
594,The Magnificent Seven,1960,Approved,54047,128,"Action, Adventure, Western",74.0,7.7,86645,4.91
595,The Magdalene Sisters,2002,R,318411,114,Drama,83.0,7.7,25740,4.89
596,Howl's Moving Castle,2004,PG,347149,119,"Animation, Adventure, Family",80.0,8.2,325434,4.71
597,Au Revoir les Enfants,1987,PG,92593,104,"Drama, War",88.0,8.0,30781,4.54
598,"Blood In, Blood Out",1993,R,106469,180,"Crime, Drama",47.0,8.0,28525,4.50
599,Persepolis,2007,PG-13,808417,96,"Animation, Biography, Drama",90.0,8.0,87702,4.45
600,The Conversation,1974,PG,71360,113,"Drama, Mystery, Thriller",85.0,7.8,96717,4.42
601,Hamlet,1996,PG-13,116477,242,Drama,,7.7,35737,4.41
602,Black Book,2006,R,389557,145,"Drama, Thriller, War",71.0,7.7,72032,4.40
603,12 Angry Men,1957,Approved,50083,96,"Crime, Drama",96.0,9.0,677369,4.36
604,Laura,1944,Passed,37008,88,"Drama, Film-Noir, Mystery",,8.0,42145,4.36
605,Rebecca,1940,Approved,32976,130,"Drama, Mystery, Romance",86.0,8.1,121836,4.36
606,The Bride of Frankenstein,1935,Not Rated,26138,75,"Drama, Horror, Sci-Fi",95.0,7.8,42988,4.36
607,It Happened One Night,1934,Approved,25316,105,"Comedy, Romance",87.0,8.1,92436,4.36
608,The Lunchbox,2013,PG,2350496,104,"Drama, Romance",76.0,7.8,49612,4.23
609,Uri: The Surgical Strike,2018,Not Rated,8291224,138,"Action, Drama, War",,8.3,42160,4.19
610,Dancer in the Dark,2000,R,168629,140,"Crime, Drama, Musical",61.0,8.0,100919,4.18
611,Ran,1985,R,89881,162,"Action, Drama, War",96.0,8.2,110542,4.14
612,The Raid: Redemption,2011,R,1899353,101,"Action, Thriller",73.0,7.6,188594,4.11
613,Sleuth,1972,PG,69281,138,"Mystery, Thriller",,8.0,44381,4.08
614,Le Dîner de Cons,1998,PG-13,119038,80,Comedy,73.0,7.7,36919,4.07
615,Good Bye Lenin!,2003,R,301357,121,"Comedy, Drama, Romance",68.0,7.7,136638,4.06
616,What Ever Happened to Baby Jane?,1962,Passed,56687,134,"Drama, Horror, Thriller",75.0,8.1,49431,4.05
617,Three Colors: Red,1994,R,111495,99,"Drama, Mystery, Romance",100.0,8.1,89067,4.04
618,Breaking the Waves,1996,R,115751,159,Drama,76.0,7.8,61655,4.04
619,My Name Is Khan,2010,PG-13,1188996,165,Drama,50.0,8.0,97393,4.02
620,Willy Wonka & the Chocolate Factory,1971,G,67992,100,"Family, Fantasy, Musical",67.0,7.8,175958,4.00
621,The Adventures of Robin Hood,1938,PG,29843,102,"Action, Adventure, Romance",97.0,7.9,46707,3.98
622,Ace in the Hole,1951,Approved,43338,111,"Drama, Film-Noir",72.0,8.1,31007,3.97
623,"Lock, Stock and Two Smoking Barrels",1998,R,120735,107,"Action, Comedy, Crime",66.0,8.2,528966,3.90
624,Lost Highway,1997,R,116922,134,"Mystery, Thriller",52.0,7.6,129103,3.80
625,Portrait of a Lady on Fire,2019,R,8613070,122,"Drama, Romance",95.0,8.1,55573,3.76
626,Requiem for a Dream,2000,R,180093,102,Drama,68.0,8.3,756082,3.64
627,The Chorus,2004,PG-13,372824,97,"Drama, Music",56.0,7.9,56721,3.64
628,Mommy,2014,R,3612616,139,Drama,74.0,8.1,49525,3.49
629,A Man Called Ove,2015,PG-13,4080728,116,"Comedy, Drama, Romance",70.0,7.7,45977,3.36
630,Wings of Desire,1987,PG-13,93191,128,"Drama, Fantasy, Romance",79.0,8.0,63691,3.33
631,What We Do in the Shadows,2014,R,3416742,86,"Comedy, Horror",76.0,7.7,154124,3.33
632,Shoplifters,2018,R,8075192,121,"Crime, Drama",93.0,8.0,58946,3.31
633,All Quiet on the Western Front,1930,Passed,20629,152,"Drama, War",91.0,8.0,56762,3.27
634,Sing Street,2016,PG-13,3544112,106,"Comedy, Drama, Music",79.0,7.9,83793,3.24
635,Vertigo,1958,PG,52357,128,"Mystery, Romance, Thriller",100.0,8.3,358292,3.20
636,The Skin I Live In,2011,R,1189073,120,"Drama, Horror, Thriller",70.0,7.6,136753,3.19
637,Clerks,1994,R,109445,92,Comedy,70.0,7.7,210225,3.15
638,Zindagi Na Milegi Dobara,2011,Not Rated,1562872,155,"Comedy, Drama",,8.1,66508,3.11
639,Wild Tales,2014,R,3011894,122,"Comedy, Drama, Thriller",77.0,8.1,173292,3.11
640,"Synecdoche, New York",2008,R,383028,124,Drama,67.0,7.6,81616,3.08
641,Hedwig and the Angry Inch,2001,R,248845,95,"Comedy, Drama, Music",85.0,7.7,31688,3.03
642,Veer-Zaara,2004,Not Rated,420332,192,"Drama, Family, Musical",67.0,7.8,48307,2.92
643,Waking Life,2001,R,243017,99,"Animation, Drama, Fantasy",83.0,7.8,60228,2.89
644,The Great Beauty,2013,Not Rated,2358891,141,Drama,86.0,7.8,79713,2.85
645,Reservoir Dogs,1992,R,105236,99,"Crime, Drama, Thriller",79.0,8.3,905634,2.83
646,Happiness,1998,Unrated,147612,134,"Comedy, Drama",81.0,7.7,65842,2.81
647,Barfi!,2012,Not Rated,2082197,151,"Comedy, Drama, Romance",,8.1,74705,2.80
648,In the Mood for Love,2000,PG,118694,98,"Drama, Romance",85.0,8.1,121243,2.73
649,Miracle on 34th Street,1947,Not Rated,39628,96,"Comedy, Drama, Family",88.0,7.9,39306,2.65
650,The Raid 2,2014,R,2265171,150,"Action, Crime, Thriller",71.0,8.0,113029,2.63
651,The Innocents,1961,Not Rated,55018,100,Horror,88.0,7.8,26588,2.62
652,Raise the Red Lantern,1991,PG,101640,125,"Drama, History, Romance",,8.1,29143,2.60
653,A Night at the Opera,1935,Passed,26778,96,"Comedy, Music, Musical",,7.9,30221,2.54
654,The King of Comedy,1982,PG,85794,109,"Comedy, Crime, Drama",73.0,7.8,86047,2.50
655,The Salesman,2016,PG-13,5186714,124,"Drama, Thriller",85.0,7.8,49782,2.40
656,"Spring, Summer, Fall, Winter... and Spring",2003,R,374546,103,"Drama, Romance",85.0,8.0,76274,2.38
657,Princess Mononoke,1997,PG-13,119698,134,"Animation, Adventure, Fantasy",76.0,8.4,336144,2.38
658,The Fall,2006,R,460791,117,"Adventure, Drama, Fantasy",64.0,7.9,106476,2.28
659,Touch of Evil,1958,PG-13,52311,95,"Crime, Drama, Film-Noir",99.0,8.0,97556,2.24
660,The White Ribbon,2009,R,1149362,144,"Drama, History, Mystery",82.0,7.8,67917,2.22
661,Lage Raho Munna Bhai,2006,PG-13,456144,144,"Comedy, Drama, Romance",,8.1,42399,2.22
662,Once Were Warriors,1994,R,110729,102,"Crime, Drama",77.0,7.9,31216,2.20
663,Blue Is the Warmest Colour,2013,NC-17,2278871,180,"Drama, Romance",89.0,7.7,136745,2.20
664,Rang De Basanti,2006,Not Rated,405508,167,"Comedy, Drama",,8.2,110241,2.20
665,"Paris, Texas",1984,R,87884,145,Drama,78.0,8.1,88416,2.18
666,Blood Simple,1984,R,86979,99,"Crime, Drama, Thriller",82.0,7.6,86380,2.15
667,Let the Right One In,2008,R,1139797,114,"Crime, Drama, Fantasy",82.0,7.9,204132,2.12
668,The Maltese Falcon,1941,Not Rated,33870,100,"Film-Noir, Mystery",96.0,8.0,147562,2.11
669,The Sea Inside,2004,PG-13,369702,126,"Biography, Drama",74.0,8.0,76827,2.09
670,A Prophet,2009,R,1235166,155,"Crime, Drama",90.0,7.9,92640,2.08
671,The Wizard of Oz,1939,PG,32138,102,"Adventure, Family, Fantasy",92.0,8.0,368230,2.08
672,Night on Earth,1991,R,102536,129,"Comedy, Drama",68.0,7.8,54533,2.02
673,The Handmaiden,2016,Not Rated,4016934,145,"Drama, Romance, Thriller",84.0,8.1,108275,2.01
674,Marriage Story,2019,R,7653254,137,"Comedy, Drama, Romance",94.0,8.0,235304,2.00
675,The Double Life of Véronique,1991,R,101765,98,"Drama, Fantasy, Music",86.0,7.8,41322,2.00
676,The Tenant,1976,R,74811,126,"Drama, Thriller",71.0,7.7,39169,1.92
677,Delicatessen,1991,R,101700,99,"Comedy, Crime",66.0,7.6,79684,1.79
678,Kal Ho Naa Ho,2003,Not Rated,347304,186,"Comedy, Drama, Musical",54.0,8.0,62567,1.79
679,M.S. Dhoni: The Untold Story,2016,Not Rated,4169250,184,"Biography, Drama, Sport",,7.8,38534,1.78
680,Naked,1993,Not Rated,107653,132,"Comedy, Drama",84.0,7.8,33777,1.77
681,Flipped,2010,PG,817177,90,"Comedy, Drama, Romance",45.0,7.7,80532,1.75
682,Cries & Whispers,1972,R,69467,91,Drama,,8.1,29574,1.74
683,English Vinglish,2012,Not Rated,2181931,134,"Comedy, Drama, Family",,7.8,33078,1.67
684,Capharnaüm,2018,R,8267604,126,Drama,75.0,8.4,57550,1.66
685,The Celebration,1998,R,154420,105,Drama,82.0,8.0,77055,1.65
686,Bhaag Milkha Bhaag,2013,Not Rated,2356180,186,"Biography, Drama, Sport",,8.2,60158,1.63
687,Citizen Kane,1941,PG,33467,119,"Drama, Mystery",100.0,8.3,393628,1.59
688,Withnail & I,1987,R,94336,107,"Comedy, Drama",84.0,7.7,39762,1.54
689,Dogville,2003,R,276919,178,"Crime, Drama",60.0,8.0,136219,1.53
690,The Virgin Spring,1960,Not Rated,53976,89,Drama,,8.1,26310,1.53
691,The Tale of The Princess Kaguya,2013,PG,2576852,137,"Animation, Adventure, Drama",89.0,8.0,37367,1.51
692,Departures,2008,PG-13,1069238,130,"Drama, Music",68.0,8.1,48053,1.50
693,Donnie Darko,2001,R,246578,113,"Drama, Mystery, Sci-Fi",88.0,8.0,733040,1.48
694,Three Colors: White,1994,R,111507,92,"Comedy, Drama, Romance",88.0,7.6,62853,1.46
695,Down by Law,1986,R,90967,107,"Comedy, Crime, Drama",75.0,7.8,47276,1.44
696,Queen,2013,Not Rated,3322420,146,"Adventure, Comedy, Drama",,8.2,60010,1.43
697,Kelly's Heroes,1970,GP,65938,144,"Adventure, Comedy, War",50.0,7.6,44741,1.38
698,Andhadhun,2018,Not Rated,8108198,139,"Crime, Drama, Music",,8.3,68297,1.37
699,The Little Prince,2015,PG,1754656,108,"Animation, Adventure, Drama",70.0,7.7,55822,1.34
700,The Past,2013,PG-13,2404461,130,"Drama, Mystery",85.0,7.8,44489,1.33
701,Three Colors: Blue,1993,R,108394,94,"Drama, Music, Mystery",85.0,7.9,87726,1.32
702,Pink,2016,Not Rated,5571734,136,"Drama, Thriller",,8.1,38285,1.24
703,Metropolis,1927,Not Rated,17136,153,"Drama, Sci-Fi",98.0,8.3,157906,1.24
704,Monty Python and the Holy Grail,1975,PG,71853,91,"Adventure, Comedy, Fantasy",91.0,8.2,495616,1.23
705,Taare Zameen Par,2007,PG,986264,165,"Drama, Family",,8.4,164749,1.22
706,Swades,2004,Not Rated,367110,189,Drama,,8.2,82018,1.22
707,Nine Queens,2000,R,247586,114,"Crime, Drama, Thriller",80.0,7.9,49212,1.22
708,"4 Months, 3 Weeks and 2 Days",2007,Not Rated,1032846,113,Drama,97.0,7.9,55956,1.19
709,Kai Po Che,2013,Not Rated,2213054,120,"Drama, Sport",40.0,7.7,31450,1.12
710,Chak De! India,2007,Not Rated,871510,153,"Drama, Family, Sport",68.0,8.2,73002,1.11
711,Tae Guk Gi: The Brotherhood of War,2004,R,386064,140,"Action, Drama, War",64.0,8.1,37548,1.11
712,My Neighbor Totoro,1988,G,96283,86,"Animation, Family, Fantasy",86.0,8.2,283891,1.11
713,Leviathan,2014,R,2802154,140,"Crime, Drama",92.0,7.6,48622,1.09
714,The Machinist,2004,R,361862,101,"Drama, Thriller",61.0,7.7,354067,1.08
715,Special 26,2013,Not Rated,2377938,144,"Crime, Drama, Thriller",,8.0,50237,1.08
716,No Man's Land,2001,R,283509,98,"Comedy, Drama, War",84.0,7.9,44226,1.06
717,Joyeux Noel,2005,PG-13,424205,116,"Drama, History, Music",70.0,7.7,27288,1.05
718,Dead Man,1995,R,112817,121,"Adventure, Drama, Fantasy",62.0,7.6,89392,1.04
719,Kahaani,2012,Not Rated,1821480,122,"Mystery, Thriller",,8.1,57008,1.04
720,The General,1926,Passed,17925,67,"Action, Adventure, Comedy",,8.1,79771,1.03
721,Casablanca,1942,PG,34583,102,"Drama, Romance, War",100.0,8.5,514995,1.02
722,Short Term 12,2013,R,2370248,96,Drama,82.0,8.0,80586,1.01
723,In a Better World,2010,R,1340107,118,"Drama, Romance",65.0,7.6,38205,1.01
724,Cowboy Bebop: The Movie,2001,--,275277,115,"Animation, Action, Crime",61.0,7.9,42375,1.00
725,Rockstar,2011,Not Rated,1839596,159,"Drama, Music, Musical",,7.7,38769,0.99
726,Sherlock Jr.,1924,Passed,15324,45,"Action, Comedy, Romance",,8.2,40709,0.98
727,The Long Goodbye,1973,R,70334,112,"Comedy, Crime, Drama",87.0,7.6,25676,0.96
728,Children of Heaven,1997,PG,118849,89,"Drama, Family, Sport",77.0,8.3,63679,0.93
729,OMG: Oh My God!,2012,Not Rated,2283748,125,"Comedy, Drama, Fantasy",,8.1,50584,0.92
730,Haider,2014,Not Rated,3390572,160,"Action, Crime, Drama",,8.1,49825,0.90
731,Chhichhore,2019,--,9052870,143,"Comedy, Drama",,8.2,31331,0.90
732,Paprika,2006,R,851578,90,"Animation, Drama, Fantasy",81.0,7.7,69693,0.88
733,Control,2007,R,421082,122,"Biography, Drama, Music",78.0,7.7,61055,0.87
734,Song of the Sea,2014,PG,1865505,93,"Animation, Adventure, Drama",85.0,8.1,50025,0.86
735,Mustang,2015,PG-13,3966404,97,Drama,83.0,7.6,35092,0.85
736,Perfect Blue,1997,R,156887,81,"Animation, Crime, Mystery",,8.0,55884,0.78
737,When Marnie Was There,2014,PG,3398268,103,"Animation, Drama, Family",72.0,7.7,31557,0.77
738,Nights of Cabiria,1957,Not Rated,50783,110,Drama,,8.1,42300,0.75
739,The Edge of Heaven,2007,Not Rated,880502,122,Drama,85.0,7.8,30534,0.74
740,Drishyam,2015,Not Rated,4430212,163,"Crime, Drama, Mystery",,8.2,67814,0.74
741,Black,2005,Not Rated,375611,122,Drama,,8.2,33082,0.73
742,Oldboy,2003,R,364569,120,"Action, Drama, Mystery",77.0,8.4,506751,0.71
743,Mysterious Skin,2004,Unrated,370986,105,Drama,73.0,7.6,65435,0.70
744,Duck You Sucker,1971,PG,67140,138,"Drama, War, Western",77.0,7.6,29655,0.70
745,The Hunt,2012,R,2106476,115,Drama,77.0,8.3,273986,0.69
746,The Secret of Kells,2009,Not Rated,485601,75,"Animation, Adventure, Family",81.0,7.6,30776,0.69
747,The Night of the Hunter,1955,Not Rated,48424,92,"Crime, Drama, Film-Noir",99.0,8.0,80914,0.65
748,Chungking Express,1994,PG-13,109424,102,"Comedy, Crime, Drama",77.0,8.1,61208,0.60
749,Loveless,2017,R,6304162,127,Drama,86.0,7.6,29034,0.57
750,Akira,1988,R,94625,124,"Animation, Action, Sci-Fi",,8.0,162070,0.55
751,Love Me If You Dare,2003,R,364517,93,"Comedy, Drama, Romance",45.0,7.6,66816,0.55
752,Mother,2009,R,1216496,129,"Crime, Drama, Mystery",79.0,7.8,50550,0.55
753,The Conformist,1970,R,65571,113,Drama,100.0,8.0,26509,0.54
754,Sunrise,1927,Passed,18455,94,"Drama, Romance",,8.1,46427,0.54
755,The African Queen,1951,PG,43265,105,"Adventure, Drama, Romance",91.0,7.7,70704,0.54
756,Ghost in the Shell,1995,TV-MA,113568,83,"Animation, Action, Crime",76.0,8.0,127020,0.52
757,The Return,2003,Not Rated,376968,110,Drama,82.0,8.0,41807,0.50
758,Nausicaä of the Valley of the Wind,1984,PG,87544,117,"Animation, Adventure, Fantasy",86.0,8.1,147598,0.50
759,Only Yesterday,1991,PG,102587,118,"Animation, Drama, Romance",90.0,7.6,26159,0.45
760,The Third Man,1949,Approved,41959,93,"Film-Noir, Mystery, Thriller",97.0,8.1,156805,0.45
761,Land of Mine,2015,R,3841424,100,"Drama, History, War",75.0,7.8,34591,0.44
762,After the Wedding,2006,R,457655,120,Drama,78.0,7.7,31627,0.41
763,Jab We Met,2007,Not Rated,1093370,138,"Comedy, Drama, Romance",,7.9,46972,0.41
764,Open Your Eyes,1997,R,125659,119,"Drama, Mystery, Sci-Fi",,7.7,63425,0.37
765,Jojo Rabbit,2019,PG-13,2584384,108,"Comedy, Drama, War",58.0,7.9,272513,0.35
766,"Crna macka, beli macor",1998,R,118843,127,"Comedy, Crime, Romance",73.0,8.1,50235,0.35
767,Talvar,2015,Not Rated,4934950,132,"Crime, Drama, Mystery",,8.2,30475,0.34
768,Breathless,1960,Not Rated,53472,90,"Crime, Drama",,7.8,71995,0.34
769,Bicycle Thieves,1948,Not Rated,40522,89,Drama,,8.3,143680,0.33
770,This Is England,2006,Not Rated,480025,101,"Crime, Drama",86.0,7.7,114809,0.33
771,La Haine,1995,Not Rated,113247,98,"Crime, Drama",,8.1,146980,0.31
772,Dil Chahta Hai,2001,Not Rated,292490,183,"Comedy, Drama, Romance",,8.1,65968,0.30
773,His Girl Friday,1940,Passed,32599,92,"Comedy, Drama, Romance",,7.9,52815,0.30
774,The Great Dictator,1940,Passed,32553,125,"Comedy, Drama, War",,8.4,199964,0.29
775,Dr. Strangelove or: How I Learned to Stop Worrying and Love the Bomb,1964,PG,57012,95,Comedy,97.0,8.4,445063,0.28
776,Seven Samurai,1954,Not Rated,47478,207,"Action, Adventure, Drama",98.0,8.6,311412,0.27
777,The Legend of 1900,1998,R,120731,169,"Drama, Music, Romance",58.0,8.1,58130,0.26
778,"I, Daniel Blake",2016,R,5168192,100,Drama,78.0,7.9,52462,0.26
779,3-Iron,2004,R,423866,88,"Crime, Drama, Romance",72.0,8.0,49399,0.24
780,Stalker,1979,Not Rated,79944,162,"Drama, Sci-Fi",,8.2,114166,0.23
781,Fireworks,1997,--,119250,103,"Crime, Drama, Romance",,7.8,27304,0.23
782,The Shop Around the Corner,1940,Not Rated,33045,99,"Comedy, Drama, Romance",96.0,8.1,27158,0.20
783,The Discreet Charm of the Bourgeoisie,1972,PG,68361,102,Comedy,93.0,7.9,37911,0.20
784,This Is Spinal Tap,1984,R,88258,82,"Comedy, Music",92.0,7.9,127509,0.19
785,Lilya 4-Ever,2002,R,300140,109,"Crime, Drama",82.0,7.8,42226,0.18
786,The Mirror,1975,G,72443,107,"Biography, Drama",,8.1,38924,0.18
787,The Broken Circle Breakdown,2012,Not Rated,2024519,111,"Drama, Music, Romance",70.0,7.8,38940,0.18
788,La Grande Illusion,1937,Not Rated,28950,113,"Drama, War",,8.1,33445,0.17
789,Underground,1995,Not Rated,114787,167,"Comedy, Drama, War",,8.1,54581,0.17
790,Infernal Affairs,2002,R,338564,101,"Action, Crime, Drama",75.0,8.0,117023,0.17
791,Vicky Donor,2012,Not Rated,2317337,126,"Comedy, Romance",,7.8,39212,0.17
792,Winter Sleep,2014,Not Rated,2758880,196,Drama,88.0,8.1,44738,0.17
793,Modern Times,1936,G,27977,87,"Comedy, Drama, Family",96.0,8.5,214090,0.16
794,Vampire Hunter D: Bloodlust,2000,R,216651,103,"Animation, Action, Fantasy",62.0,7.7,28903,0.15
795,Tangerines,2013,Not Rated,2991224,87,"Drama, War",73.0,8.2,38617,0.14
796,The Experiment,2001,R,250258,120,"Drama, Thriller",60.0,7.7,90321,0.14
797,Once Upon a Time in Anatolia,2011,Not Rated,1827487,157,"Crime, Drama",82.0,7.9,40556,0.14
798,Tokyo Godfathers,2003,PG-13,388473,92,"Animation, Adventure, Comedy",73.0,7.8,30364,0.13
799,I Saw the Devil,2010,Not Rated,1588170,144,"Action, Crime, Drama",67.0,7.8,108537,0.13
800,Darbareye Elly,2009,TV-PG,1360860,119,"Drama, Mystery, Thriller",87.0,8.0,44546,0.11
801,Andrei Rublev,1966,R,60107,205,"Biography, Drama, History",,8.1,45731,0.10
802,Elite Squad 2: The Enemy Within,2010,Not Rated,1555149,115,"Action, Crime, Drama",71.0,8.0,78619,0.10
803,Rashômon,1950,Not Rated,42876,88,"Crime, Drama, Mystery",98.0,8.2,150152,0.10
804,Night of the Living Dead,1968,Not Rated,63350,96,"Horror, Thriller",89.0,7.9,115289,0.09
805,Hiroshima Mon Amour,1959,Not Rated,52893,90,"Drama, Romance",,7.9,27860,0.09
806,The Best Offer,2013,R,1924396,131,"Crime, Drama, Mystery",49.0,7.8,106437,0.09
807,Peeping Tom,1960,Not Rated,54167,101,"Drama, Horror, Thriller",,7.7,30878,0.08
808,Beasts of No Nation,2015,Not Rated,1365050,137,"Drama, War",79.0,7.7,72601,0.08
809,Detachment,2011,Not Rated,1683526,98,Drama,52.0,7.7,75896,0.07
810,Lagaan: Once Upon a Time in India,2001,PG,169102,224,"Adventure, Drama, Musical",84.0,8.1,103562,0.07
811,The Holy Mountain,1973,R,71615,114,"Adventure, Drama, Fantasy",76.0,7.9,36055,0.06
812,Rififi,1955,Not Rated,48021,118,"Crime, Drama, Thriller",97.0,8.2,27547,0.06
813,The Battle of Algiers,1966,Not Rated,58946,121,"Drama, War",96.0,8.1,51987,0.06
814,Ikiru,1952,Not Rated,44741,143,Drama,,8.3,66820,0.06
815,The Grapes of Wrath,1940,Passed,32551,129,"Drama, History",96.0,8.0,85018,0.06
816,Les yeux sans visage,1960,Not Rated,53459,90,"Drama, Horror",90.0,7.7,27046,0.05
817,Battleship Potemkin,1925,Not Rated,15648,66,"Drama, History, Thriller",97.0,8.0,52366,0.05
818,8½,1963,Not Rated,56801,138,Drama,91.0,8.0,107455,0.05
819,Sympathy for Mr. Vengeance,2002,R,310775,129,"Crime, Drama, Thriller",56.0,7.6,61756,0.05
820,Contempt,1963,Not Rated,57345,102,"Drama, Romance",,7.6,28395,0.04
821,Paan Singh Tomar,2012,Not Rated,1620933,135,"Action, Biography, Crime",,8.2,32745,0.04
822,Le Samouraï,1967,GP,62229,101,"Crime, Drama, Mystery",,8.1,44589,0.04
823,M,1931,Passed,22100,99,"Crime, Mystery, Thriller",,8.3,141220,0.03
824,Belle de Jour,1967,R,61395,100,Drama,,7.7,39596,0.03
825,The Boondock Saints,1999,R,144117,108,"Action, Crime, Thriller",44.0,7.8,225697,0.03
826,The Passion of Joan of Arc,1928,Passed,19254,114,"Biography, Drama, History",,8.1,46607,0.02
827,City Lights,1931,G,21749,87,"Comedy, Drama, Romance",99.0,8.5,164993,0.02
828,Evil,2003,Not Rated,338309,113,Drama,61.0,7.8,35329,0.02
829,Memories of Murder,2003,Not Rated,353969,132,"Action, Crime, Drama",82.0,8.1,132892,0.01
830,Dial M for Murder,1954,PG,46912,105,"Crime, Thriller",75.0,8.2,155590,0.01
831,Dev.D,2009,Not Rated,1327035,144,"Drama, Romance",,8.0,28418,0.01
832,All About Eve,1950,Passed,42192,138,Drama,98.0,8.2,119021,0.01
833,Elite Squad,2007,R,861739,115,"Action, Crime, Drama",33.0,8.1,97213,0.01
834,Udaan,2010,Not Rated,1639426,134,Drama,,8.2,41889,0.01
835,The Man from Nowhere,2010,R,1527788,119,"Action, Crime, Drama",,7.8,61763,0.01
836,Dead Man's Shoes,2004,Not Rated,419677,90,"Crime, Drama, Thriller",52.0,7.6,48891,0.01
837,Mr. Nobody,2009,R,485947,141,"Drama, Fantasy, Romance",63.0,7.8,213696,0.00
838,Knockin' on Heaven's Door,1997,Not Rated,119472,87,"Action, Crime, Comedy",,8.0,27319,0.00
839,Adam's Apples,2005,R,418455,94,"Comedy, Crime, Drama",51.0,7.8,44919,0.00
840,Hamilton,2020,PG-13,8503618,160,"Biography, Drama, History",90.0,8.6,46114,--
841,The Gentlemen,2019,R,8367814,113,"Action, Comedy, Crime",51.0,7.8,202977,--
842,Tumbbad,2018,Not Rated,8239946,104,"Drama, Fantasy, Horror",,8.3,25812,--
843,Dil Bechara,2020,--,8110330,101,"Comedy, Drama, Romance",,7.9,106914,--
844,K.G.F: Chapter 1,2018,Not Rated,7838252,156,"Action, Drama",,8.2,33236,--
845,Badhaai Ho,2018,Not Rated,7725596,124,"Comedy, Drama",,8.0,26963,--
846,Ayla: The Daughter of War,2017,--,6316138,125,"Biography, Drama, History",,8.4,32929,--
847,Roma,2018,R,6155172,135,Drama,96.0,7.7,136986,--
848,Vikram Vedha,2017,Not Rated,6148156,147,"Action, Crime, Drama",,8.5,25652,--
849,A Silent Voice: The Movie,2016,Not Rated,5323662,130,"Animation, Drama, Family",78.0,8.1,43744,--
850,Togo,2019,PG,5116302,113,"Adventure, Biography, Drama",69.0,8.0,33333,--
851,Perfect Strangers,2016,--,4901306,96,"Comedy, Drama",,7.8,55485,--
852,The Invisible Guest,2016,TV-MA,4857264,106,"Crime, Drama, Mystery",,8.1,132652,--
853,Klaus,2019,PG,4729430,96,"Animation, Adventure, Comedy",65.0,8.2,78482,--
854,Udta Punjab,2016,TV-MA,4434004,148,"Action, Crime, Drama",,7.8,26662,--
855,Airlift,2016,Not Rated,4387040,130,"Drama, History",,8.0,52311,--
856,Victoria,2015,Not Rated,4226388,138,"Crime, Drama, Romance",77.0,7.6,51719,--
857,Baby,2015,Not Rated,3848892,159,"Action, Thriller",,8.0,52185,--
858,Drishyam,2013,Not Rated,3417422,160,"Crime, Drama, Thriller",,8.3,30132,--
859,Pride,2014,R,3169706,119,"Biography, Comedy, Drama",79.0,7.8,51081,--
860,Wolf Children,2012,PG,2140203,117,"Animation, Drama, Family",71.0,8.1,37918,--
861,Gangs of Wasseypur,2012,R,1954470,321,"Action, Crime, Drama",89.0,8.2,80192,--
862,The Body,2012,--,1937149,112,"Mystery, Thriller",,7.6,55738,--
863,Confessions,2010,Not Rated,1590089,106,"Drama, Thriller",,7.8,35229,--
864,A Wednesday,2008,Not Rated,1280558,104,"Action, Crime, Drama",,8.1,73153,--
865,Celda 211,2009,--,1242422,113,"Action, Adventure, Crime",,7.6,63301,--
866,Ip Man,2008,R,1220719,106,"Action, Biography, Drama",59.0,8.0,209459,--
867,The Chaser,2008,Not Rated,1190539,125,"Action, Crime, Thriller",64.0,7.8,57203,--
868,Nefes: Vatan Sagolsun,2009,--,1171701,128,"Action, Drama, Thriller",,8.0,31461,--
869,The Trial of the Chicago 7,2020,R,1070874,129,"Drama, History, Thriller",76.0,7.9,52718,--
870,The Wave,2008,Not Rated,1063669,107,"Drama, Thriller",,7.6,101569,--
871,Yedinci Kogustaki Mucize,2019,--,10431500,132,Drama,,8.3,30736,--
872,Hachi: A Dog's Tale,2009,G,1028532,93,"Drama, Family",,8.1,248822,--
873,Mary and Max,2009,Not Rated,978762,92,"Animation, Comedy, Drama",,8.1,162514,--
874,The Girl Who Leapt Through Time,2006,TV-PG,808506,98,"Animation, Adventure, Comedy",,7.7,59397,--
875,Death Note: Desu nôto,2006,Not Rated,758742,126,"Crime, Drama, Fantasy",,7.7,28392,--
876,The Man from Earth,2007,Not Rated,756683,87,"Drama, Fantasy, Sci-Fi",,7.9,172093,--
877,Babam ve Oglum,2005,--,476735,112,"Drama, Family",,8.3,77266,--
878,C.R.A.Z.Y.,2005,Not Rated,401085,129,"Comedy, Drama",81.0,7.9,31297,--
879,G.O.R.A.,2004,--,384116,127,"Adventure, Comedy, Sci-Fi",,8.0,55811,--
880,Munna Bhai M.B.B.S.,2003,Not Rated,374887,156,"Comedy, Drama, Musical",,8.1,72769,--
881,Head-On,2004,R,347048,121,"Drama, Romance",78.0,7.9,50729,--
882,My Sassy Girl,2001,Not Rated,293715,137,"Comedy, Drama, Romance",,8.0,45000,--
883,Vizontele,2001,--,270053,110,"Comedy, Drama",,8.0,32724,--
884,Battle Royale,2000,Not Rated,266308,114,"Action, Adventure, Drama",81.0,7.6,167562,--
885,Joint Security Area,2000,Not Rated,260991,110,"Action, Drama, Thriller",58.0,7.8,25977,--
886,Hera Pheri,2000,Not Rated,242519,156,"Action, Comedy, Crime",,8.2,55850,--
887,Neon Genesis Evangelion: The End of Evangelion,1997,TV-14,169858,87,"Animation, Action, Drama",,8.1,37434,--
888,Interstate 60: Episodes of the Road,2002,R,165832,116,"Adventure, Comedy, Drama",,7.7,29635,--
889,Funny Games,1997,Not Rated,119167,108,"Crime, Drama, Thriller",69.0,7.6,63800,--
890,The Bandit,1996,--,116231,128,"Crime, Drama, Thriller",,8.2,62843,--
891,Whisper of the Heart,1995,G,113824,111,"Animation, Drama, Family",75.0,7.9,50212,--
892,Fallen Angels,1995,R,112913,99,"Comedy, Crime, Drama",71.0,7.7,25334,--
893,Dilwale Dulhania Le Jayenge,1995,Not Rated,112870,181,"Drama, Romance",,8.1,62600,--
894,Andaz Apna Apna,1994,PG,109117,160,"Comedy, Romance",,8.2,48728,--
895,Ninja Scroll,1993,Not Rated,107692,94,"Animation, Action, Adventure",,7.9,34140,--
896,Hard Boiled,1992,R,104684,128,"Action, Crime, Thriller",,7.8,46260,--
897,Porco Rosso,1992,PG,104652,94,"Animation, Adventure, Comedy",83.0,7.7,75710,--
898,Kiki's Delivery Service,1989,G,97814,103,"Animation, Adventure, Drama",83.0,7.8,120679,--
899,The Killer,1989,R,97202,111,"Action, Crime, Drama",82.0,7.8,45276,--
900,The Vanishing,1988,Not Rated,96163,107,"Mystery, Thriller",,7.7,33466,--
901,Grave of the Fireflies,1988,Not Rated,95327,89,"Animation, Drama, War",94.0,8.5,229726,--
902,Castle in the Sky,1986,PG,92067,125,"Animation, Adventure, Drama",78.0,8.0,147388,--
903,Come and See,1985,Not Rated,91251,142,"Drama, Thriller, War",,8.3,56455,--
904,Fitzcarraldo,1982,PG,83946,158,"Adventure, Drama",,8.1,30988,--
905,Kagemusha,1980,PG,80979,162,"Drama, History, War",84.0,8.0,31686,--
906,The Elephant Man,1980,PG,80678,124,"Biography, Drama",78.0,8.1,216901,--
907,Lupin the 3rd: Castle of Cagliostro,1979,PG-13,79833,102,"Animation, Adventure, Family",71.0,7.7,26342,--
908,Watership Down,1978,PG,78480,91,"Animation, Adventure, Drama",64.0,7.6,33299,--
909,Days of Heaven,1978,PG,77405,94,"Drama, Romance",93.0,7.8,51843,--
910,Network,1976,R,74958,121,Drama,83.0,8.1,143223,--
911,The Message,1976,PG,74896,177,"Biography, Drama, History",,8.2,43344,--
912,Sholay,1975,Not Rated,73707,162,"Action, Adventure, Comedy",,8.2,50660,--
913,The Man Who Would Be King,1975,PG,73341,129,"Adventure, History, War",91.0,7.8,43874,--
914,Love and Death,1975,PG,73312,85,"Comedy, War",89.0,7.7,35585,--
915,Barry Lyndon,1975,PG,72684,185,"Adventure, Drama, History",89.0,8.1,147129,--
916,The Taking of Pelham One Two Three,1974,R,72251,104,"Action, Crime, Thriller",68.0,7.7,26133,--
917,Amarcord,1973,R,71129,123,"Comedy, Drama",,7.9,39293,--
918,Badlands,1973,PG,69762,94,"Action, Crime, Drama",93.0,7.8,64804,--
919,Solaris,1972,PG,69293,167,"Drama, Mystery, Sci-Fi",90.0,8.1,79407,--
920,"Aguirre, the Wrath of God",1972,Not Rated,68182,95,"Action, Adventure, Biography",,7.9,51567,--
921,Harold and Maude,1971,PG,67185,91,"Comedy, Drama, Romance",62.0,7.9,70031,--
922,Anand,1971,Not Rated,66763,122,"Drama, Musical",,8.4,29169,--
923,Where Eagles Dare,1968,M,65207,158,"Action, Adventure, War",63.0,7.7,51227,--
924,Rosemary's Baby,1968,Approved,63522,137,"Drama, Horror",96.0,8.0,190818,--
925,Bonnie and Clyde,1967,R,61418,111,"Action, Biography, Crime",86.0,7.8,101056,--
926,Who's Afraid of Virginia Woolf?,1966,Not Rated,61184,131,Drama,75.0,8.0,68327,--
927,Persona,1966,Not Rated,60827,83,"Drama, Thriller",86.0,8.1,100692,--
928,Blow-Up,1966,Not Rated,60176,111,"Drama, Mystery, Thriller",82.0,7.6,55644,--
929,Repulsion,1965,Not Rated,59646,105,"Drama, Horror, Thriller",91.0,7.7,48321,--
930,Zulu,1964,Not Rated,58777,138,"Drama, History, War",77.0,7.7,35457,--
931,High and Low,1963,Not Rated,57565,143,"Crime, Drama, Mystery",,8.4,32717,--
932,The Exterminating Angel,1962,Not Rated,56732,95,"Drama, Fantasy",,8.1,29210,--
933,Vivre Sa Vie,1962,Not Rated,56663,85,Drama,,8.0,27333,--
934,To Kill a Mockingbird,1962,Approved,56592,129,"Crime, Drama",88.0,8.2,291008,--
935,Sanjuro,1962,Not Rated,56443,96,"Action, Comedy, Crime",,8.1,32199,--
936,The Manchurian Candidate,1962,PG-13,56218,126,"Drama, Thriller",94.0,7.9,70558,--
937,The Man Who Shot Liberty Valance,1962,Not Rated,56217,123,"Drama, Western",94.0,8.1,67879,--
938,Ivan's Childhood,1962,Not Rated,56111,84,"Drama, War",,8.1,30852,--
939,Harakiri,1962,Not Rated,56058,133,"Action, Drama, Mystery",85.0,8.6,39360,--
940,Cape Fear,1962,Passed,55824,106,"Drama, Thriller",76.0,7.7,26044,--
941,Yojimbo,1961,Not Rated,55630,110,"Action, Drama, Thriller",,8.2,109252,--
942,Jules and Jim,1962,Not Rated,55032,105,"Drama, Romance",97.0,7.8,36959,--
943,Judgment at Nuremberg,1961,Approved,55031,179,"Drama, War",60.0,8.2,68333,--
944,Breakfast at Tiffany's,1961,Approved,54698,115,"Comedy, Drama, Romance",76.0,7.6,164474,--
945,Inherit the Wind,1960,Passed,53946,128,"Biography, Drama, History",75.0,8.1,26949,--
946,L'Avventura,1960,Not Rated,53619,144,"Drama, Mystery",,7.9,26041,--
947,The 400 Blows,1959,Not Rated,53198,99,"Crime, Drama",,8.1,103284,--
948,The Hidden Fortress,1958,Not Rated,51808,126,"Adventure, Drama",,8.1,33973,--
949,Sweet Smell of Success,1957,Approved,51036,96,"Drama, Film-Noir",100.0,8.1,27599,--
950,Wild Strawberries,1957,Not Rated,50986,91,"Drama, Romance",88.0,8.2,94352,--
951,The Seventh Seal,1957,Not Rated,50976,96,"Drama, Fantasy",88.0,8.2,161687,--
952,Paths of Glory,1957,Approved,50825,88,"Drama, War",90.0,8.4,175135,--
953,Throne of Blood,1957,Not Rated,50613,110,"Drama, History",,8.1,45801,--
954,The Searchers,1956,Passed,49730,119,"Adventure, Drama, Western",94.0,7.9,79258,--
955,The Killing,1956,Approved,49406,84,"Crime, Drama, Film-Noir",91.0,8.0,80531,--
956,Invasion of the Body Snatchers,1956,Not Rated,49366,80,"Drama, Horror, Sci-Fi",92.0,7.7,44364,--
957,Giant,1956,G,49261,201,"Drama, Western",84.0,7.6,33589,--
958,Rebel Without a Cause,1955,PG-13,48545,111,Drama,89.0,7.7,82332,--
959,The Ladykillers,1955,Not Rated,48281,91,"Comedy, Crime",91.0,7.7,25897,--
960,East of Eden,1955,PG,48028,118,Drama,72.0,7.9,39781,--
961,La Strada,1954,Not Rated,47528,108,Drama,,8.0,57552,--
962,Sabrina,1954,Passed,47437,113,"Comedy, Drama, Romance",72.0,7.7,58356,--
963,Diabolique,1955,Not Rated,46911,117,"Crime, Drama, Horror",,8.0,60921,--
964,Tokyo Story,1953,Not Rated,46438,136,Drama,,8.2,51635,--
965,Stalag 17,1953,Not Rated,46359,120,"Comedy, Drama, War",84.0,8.0,50643,--
966,The Wages of Fear,1953,Not Rated,46268,131,"Adventure, Drama, Thriller",85.0,8.1,53651,--
967,Roman Holiday,1953,Not Rated,46250,118,"Comedy, Romance",78.0,8.0,125786,--
968,The Day the Earth Stood Still,1951,G,43456,92,"Drama, Sci-Fi",,7.7,75738,--
969,Sunset Blvd.,1950,Passed,43014,110,"Drama, Film-Noir",,8.4,198551,--
970,In a Lonely Place,1950,Not Rated,42593,94,"Drama, Film-Noir, Mystery",,8.0,25938,--
971,Harvey,1950,Approved,42546,104,"Comedy, Drama, Fantasy",,7.9,52205,--
972,White Heat,1949,Not Rated,42041,114,"Action, Crime, Drama",,8.1,29302,--
973,Kind Hearts and Coronets,1949,Not Rated,41546,106,"Comedy, Crime",,8.0,34053,--
974,Rope,1948,Approved,40746,80,"Crime, Drama, Mystery",73.0,8.0,127681,--
975,Red River,1948,Passed,40724,133,"Action, Adventure, Drama",,7.8,27728,--
976,Key Largo,1948,Not Rated,40506,100,"Action, Crime, Drama",,7.8,36609,--
977,Out of the Past,1947,Not Rated,39689,97,"Crime, Drama, Film-Noir",,8.0,32256,--
978,It's a Wonderful Life,1946,PG,38650,130,"Drama, Family, Fantasy",89.0,8.6,391936,--
979,Gilda,1946,Not Rated,38559,110,"Drama, Film-Noir, Romance",,7.7,27551,--
980,Brief Encounter,1945,Not Rated,37558,86,"Drama, Romance",92.0,8.0,34968,--
981,To Have and Have Not,1944,Passed,37382,100,"Adventure, Comedy, Film-Noir",,7.8,30591,--
982,Lifeboat,1944,Not Rated,37017,97,"Drama, War",78.0,7.6,26156,--
983,Arsenic and Old Lace,1944,Not Rated,36613,118,"Comedy, Crime, Thriller",,8.0,64530,--
984,Shadow of a Doubt,1943,PG,36342,108,"Film-Noir, Thriller",94.0,7.8,58649,--
985,To Be or Not to Be,1942,Passed,35446,99,"Comedy, War",86.0,8.2,28670,--
986,The Philadelphia Story,1940,Not Rated,32904,112,"Comedy, Romance",96.0,7.9,62637,--
987,Stagecoach,1939,Passed,31971,96,"Adventure, Drama, Western",93.0,7.8,42846,--
988,The Rules of the Game,1939,Not Rated,31885,110,"Comedy, Drama",,8.0,26361,--
989,The Lady Vanishes,1938,Not Rated,30341,96,"Mystery, Thriller",,7.8,46703,--
990,Bringing Up Baby,1938,Passed,29947,102,"Comedy, Family, Romance",91.0,7.9,54360,--
991,The 39 Steps,1935,Not Rated,26029,86,"Mystery, Thriller",93.0,7.6,51094,--
992,The Thin Man,1934,TV-PG,25878,91,"Comedy, Crime, Mystery",86.0,8.0,26031,--
993,The Invisible Man,1933,TV-PG,24184,71,"Horror, Sci-Fi",87.0,7.7,30051,--
994,Duck Soup,1933,Not Rated,23969,69,"Comedy, Musical, War",93.0,7.8,55113,--
995,Freaks,1932,Not Rated,22913,64,"Drama, Horror",80.0,7.9,41668,--
996,Frankenstein,1931,Passed,21884,70,"Drama, Horror, Sci-Fi",91.0,7.8,64508,--
997,The Circus,1928,Passed,18773,72,"Comedy, Romance",90.0,8.1,28981,--
998,Nosferatu,1922,Not Rated,13442,94,"Fantasy, Horror",,7.9,87819,--
999,The Cabinet of Dr. Caligari,1920,Not Rated,10323,67,"Fantasy, Horror, Mystery",,8.1,56528,--
